series_animedb_id,series_title,series_type,series_episodes,my_id,my_watched_episodes,my_start_date,my_finish_date,my_rated,my_score,my_storage,my_storage_value,my_status
44881.0,100-man no Inochi no Ue ni Ore wa Tatteiru 2nd Season,TV,12.0,0.0,12.0,0000-00-00,0000-00-00,,0.0,,0.0,Completed
53802.0,2.5-jigen no Ririsa,TV,24.0,0.0,0.0,0000-00-00,0000-00-00,,0.0,,0.0,Plan to Watch
61637.0,29-sai Dokushin Chuuken Boukensha no Nichijou,TV,12.0,0.0,12.0,2026-04-18,2026-04-19,,6.0,,0.0,Watching
35180.0,3-gatsu no Lion 2nd Season,TV,22.0,0.0,22.0,0000-00-00,0000-00-00,,9.0,,0.0,Completed
38101.0,5-toubun no Hanayome,TV,12.0,0.0,12.0,0000-00-00,0000-00-00,,8.0,,0.0,Completed
48548.0,5-toubun no Hanayome Movie,Movie,1.0,0.0,0.0,0000-00-00,0000-00-00,,0.0,,0.0,Plan to Watch
54915.0,5-toubun no Hanayome∽,TV Special,2.0,0.0,0.0,0000-00-00,0000-00-00,,0.0,,0.0,Plan to Watch
41457.0,86,TV,11.0,0.0,0.0,0000-00-00,0000-00-00,,0.0,,0.0,Plan to Watch
48569.0,86 Part 2,TV,12.0,0.0,0.0,0000-00-00,0000-00-00,,0.0,,0.0,Plan to Watch
50475.0,86 Part 2 Recaps,TV Special,2.0,0.0,0.0,0000-00-00,0000-00-00,,0.0,,0.0,Plan to Watch
49235.0,86 Special Edition: Senya ni Akaku Hinageshi no Saku,TV Special,1.0,0.0,0.0,0000-00-00,0000-00-00,,0.0,,0.0,Plan to Watch
59730.0,"A-Rank Party wo Ridatsu shita Ore wa, Moto Oshiego-tachi to Meikyuu Shinbu wo Mezasu.",TV,24.0,0.0,24.0,2025-08-01,2025-08-12,,7.0,,0.0,Completed
11759.0,Accel World,TV,24.0,0.0,24.0,0000-00-00,0000-00-00,,7.0,,0.0,Completed
49520.0,Aharen-san wa Hakarenai,TV,12.0,0.0,0.0,0000-00-00,0000-00-00,,0.0,,0.0,Plan to Watch
59466.0,Aharen-san wa Hakarenai Season 2,TV,12.0,0.0,0.0,0000-00-00,0000-00-00,,0.0,,0.0,Plan to Watch
22199.0,Akame ga Kill!,TV,24.0,0.0,24.0,0000-00-00,0000-00-00,,8.0,,0.0,Completed
52193.0,Akiba Meido Sensou,TV,12.0,0.0,0.0,0000-00-00,0000-00-00,,0.0,,0.0,Plan to Watch
54837.0,Akuyaku Reijou Level 99: Watashi wa Ura-Boss desu ga Maou dewa Arimasen,TV,12.0,0.0,12.0,2024-04-02,2024-04-02,,7.0,,0.0,Completed
49979.0,Akuyaku Reijou nanode Last Boss wo Kattemimashita,TV,12.0,0.0,0.0,0000-00-00,0000-00-00,,0.0,,0.0,Plan to Watch
55071.0,Amagami-san Chi no Enmusubi,TV,24.0,0.0,0.0,0000-00-00,0000-00-00,,0.0,,0.0,Plan to Watch
6547.0,Angel Beats!,TV,13.0,0.0,13.0,0000-00-00,0000-00-00,,7.0,,0.0,Completed
9989.0,Ano Hi Mita Hana no Namae wo Bokutachi wa Mada Shiranai.,TV,11.0,0.0,11.0,0000-00-00,0000-00-00,,8.0,,0.0,Completed
24833.0,Ansatsu Kyoushitsu,TV,22.0,0.0,22.0,0000-00-00,0000-00-00,,8.0,,0.0,Completed
30654.0,Ansatsu Kyoushitsu 2nd Season,TV,25.0,0.0,25.0,0000-00-00,0000-00-00,,9.0,,0.0,Completed
61026.0,Ansatsusha de Aru Ore no Status ga Yuusha yori mo Akiraka ni Tsuyoi no da ga,TV,12.0,0.0,12.0,2025-12-23,2025-12-23,,6.0,,0.0,Completed
9919.0,Ao no Exorcist,TV,25.0,0.0,25.0,0000-00-00,0000-00-00,,7.0,,0.0,Completed
33506.0,Ao no Exorcist: Kyoto Fujouou-hen,TV,12.0,0.0,12.0,0000-00-00,0000-00-00,,7.0,,0.0,Completed
53889.0,Ao no Exorcist: Shimane Illuminati-hen,TV,12.0,0.0,0.0,0000-00-00,0000-00-00,,0.0,,0.0,Plan to Watch
58516.0,Ao no Exorcist: Yuki no Hate-hen,TV,12.0,0.0,0.0,0000-00-00,0000-00-00,,0.0,,0.0,Plan to Watch
57181.0,Ao no Hako,TV,25.0,0.0,0.0,0000-00-00,0000-00-00,,0.0,,0.0,Plan to Watch
36882.0,Arifureta Shokugyou de Sekai Saikyou,TV,13.0,0.0,13.0,0000-00-00,0000-00-00,,7.0,,0.0,Completed
40507.0,Arifureta Shokugyou de Sekai Saikyou 2nd Season,TV,12.0,0.0,12.0,0000-00-00,0000-00-00,,8.0,,0.0,Completed
52995.0,Arifureta Shokugyou de Sekai Saikyou Season 3,TV,16.0,0.0,1.0,0000-00-00,0000-00-00,,0.0,,0.0,Watching
50916.0,Arifureta Shokugyou de Sekai Saikyou: Arifureta Yorimichi de Sekai Saikyou,Special,1.0,0.0,1.0,0000-00-00,0000-00-00,,6.0,,0.0,Completed
59561.0,Around 40 Otoko no Isekai Tsuuhan,TV,13.0,0.0,13.0,2025-04-28,2025-04-28,,7.0,,0.0,Completed
50606.0,Ayakashi Triangle,TV,12.0,0.0,0.0,0000-00-00,0000-00-00,,0.0,,0.0,Plan to Watch
2251.0,Baccano!,TV,13.0,0.0,0.0,0000-00-00,0000-00-00,,0.0,,0.0,Plan to Watch
40964.0,Back Arrow,TV,24.0,0.0,0.0,0000-00-00,0000-00-00,,0.0,,0.0,Plan to Watch
50854.0,"Benriya Saitou-san, Isekai ni Iku",TV,12.0,0.0,12.0,0000-00-00,0000-00-00,,7.0,,0.0,Completed
750.0,Binchou-tan,TV,12.0,0.0,12.0,0000-00-00,0000-00-00,,8.0,,0.0,Completed
20787.0,Black Bullet,TV,13.0,0.0,13.0,0000-00-00,0000-00-00,,7.0,,0.0,Completed
34572.0,Black Clover,TV,170.0,0.0,170.0,0000-00-00,0000-00-00,,8.0,,0.0,Completed
48585.0,Black Clover: Mahou Tei no Ken,Movie,1.0,0.0,1.0,0000-00-00,0000-00-00,,8.0,,0.0,Completed
889.0,Black Lagoon,TV,12.0,0.0,0.0,0000-00-00,0000-00-00,,0.0,,0.0,Plan to Watch
269.0,Bleach,TV,366.0,0.0,366.0,0000-00-00,0000-00-00,,8.0,,0.0,Completed
41467.0,Bleach: Sennen Kessen-hen,TV,13.0,0.0,0.0,0000-00-00,0000-00-00,,0.0,,0.0,Plan to Watch
53998.0,Bleach: Sennen Kessen-hen - Ketsubetsu-tan,TV,13.0,0.0,0.0,0000-00-00,0000-00-00,,0.0,,0.0,Plan to Watch
11633.0,Blood Lad,TV,10.0,0.0,10.0,0000-00-00,0000-00-00,,8.0,,0.0,Completed
49596.0,Blue Lock,TV,24.0,0.0,24.0,0000-00-00,0000-00-00,,0.0,,0.0,Plan to Watch
31043.0,Boku dake ga Inai Machi,TV,12.0,0.0,12.0,0000-00-00,0000-00-00,,9.0,,0.0,Completed
31964.0,Boku no Hero Academia,TV,13.0,0.0,13.0,0000-00-00,0000-00-00,,8.0,,0.0,Completed
33486.0,Boku no Hero Academia 2nd Season,TV,25.0,0.0,25.0,0000-00-00,0000-00-00,,8.0,,0.0,Completed
36456.0,Boku no Hero Academia 3rd Season,TV,25.0,0.0,25.0,0000-00-00,0000-00-00,,8.0,,0.0,Completed
38408.0,Boku no Hero Academia 4th Season,TV,25.0,0.0,25.0,0000-00-00,0000-00-00,,8.0,,0.0,Completed
41587.0,Boku no Hero Academia 5th Season,TV,25.0,0.0,25.0,0000-00-00,0000-00-00,,8.0,,0.0,Completed
49918.0,Boku no Hero Academia 6th Season,TV,25.0,0.0,25.0,0000-00-00,0000-00-00,,8.0,,0.0,Completed
54789.0,Boku no Hero Academia 7th Season,TV,21.0,0.0,0.0,0000-00-00,0000-00-00,,0.0,,0.0,Plan to Watch
36896.0,Boku no Hero Academia the Movie 1: Futari no Hero,Movie,1.0,0.0,1.0,0000-00-00,0000-00-00,,8.0,,0.0,Completed
52578.0,Boku no Kokoro no Yabai Yatsu,TV,12.0,0.0,0.0,0000-00-00,0000-00-00,,0.0,,0.0,Plan to Watch
55690.0,Boku no Kokoro no Yabai Yatsu 2nd Season,TV,13.0,0.0,0.0,0000-00-00,0000-00-00,,0.0,,0.0,Plan to Watch
63735.0,Boku no Kokoro no Yabai Yatsu 3rd Season,TV,0.0,0.0,0.0,0000-00-00,0000-00-00,,0.0,,0.0,Plan to Watch
38186.0,Bokutachi wa Benkyou ga Dekinai,TV,13.0,0.0,13.0,0000-00-00,0000-00-00,,0.0,,0.0,Completed
40004.0,Bokutachi wa Benkyou ga Dekinai!,TV,13.0,0.0,13.0,0000-00-00,0000-00-00,,0.0,,0.0,Completed
53439.0,Boushoku no Berserk,TV,12.0,0.0,12.0,2024-02-17,2024-02-17,,7.0,,0.0,Completed
53411.0,Buddy Daddies,TV,12.0,0.0,0.0,0000-00-00,0000-00-00,,0.0,,0.0,Plan to Watch
31478.0,Bungou Stray Dogs,TV,12.0,0.0,12.0,0000-00-00,0000-00-00,,7.0,,0.0,Completed
32867.0,Bungou Stray Dogs 2nd Season,TV,12.0,0.0,12.0,0000-00-00,0000-00-00,,0.0,,0.0,Completed
54898.0,Bungou Stray Dogs 5th Season,TV,11.0,0.0,0.0,0000-00-00,0000-00-00,,0.0,,0.0,Plan to Watch
1536.0,Busou Renkin,TV,26.0,0.0,26.0,0000-00-00,0000-00-00,,7.0,,0.0,Completed
33475.0,Busou Shoujo Machiavellianism,TV,12.0,0.0,12.0,0000-00-00,0000-00-00,,0.0,,0.0,Completed
10163.0,C: The Money of Soul and Possibility Control,TV,11.0,0.0,11.0,0000-00-00,0000-00-00,,0.0,,0.0,Completed
44511.0,Chainsaw Man,TV,12.0,0.0,0.0,0000-00-00,0000-00-00,,0.0,,0.0,Plan to Watch
60509.0,Champignon no Majo,TV,12.0,0.0,0.0,0000-00-00,0000-00-00,,0.0,,0.0,Plan to Watch
28999.0,Charlotte,TV,13.0,0.0,13.0,0000-00-00,0000-00-00,,8.0,,0.0,Completed
40960.0,Cheat Kusushi no Slow Life: Isekai ni Tsukurou Drugstore,TV,12.0,0.0,12.0,0000-00-00,0000-00-00,,6.0,,0.0,Completed
49613.0,Chiyu Mahou no Machigatta Tsukaikata,TV,13.0,0.0,13.0,2024-04-01,2024-04-01,,7.0,,0.0,Completed
39523.0,Choujin Koukousei-tachi wa Isekai demo Yoyuu de Ikinuku you desu!,TV,12.0,0.0,12.0,0000-00-00,0000-00-00,,0.0,,0.0,Completed
14741.0,Chuunibyou demo Koi ga Shitai!,TV,12.0,0.0,0.0,0000-00-00,0000-00-00,,0.0,,0.0,On-Hold
15879.0,Chuunibyou demo Koi ga Shitai! Depth of Field: Ai to Nikushimi Gekijou,Special,7.0,0.0,0.0,0000-00-00,0000-00-00,,0.0,,0.0,On-Hold
16934.0,Chuunibyou demo Koi ga Shitai! Kirameki no... Slapstick Noel,Special,1.0,0.0,0.0,0000-00-00,0000-00-00,,0.0,,0.0,On-Hold
15687.0,Chuunibyou demo Koi ga Shitai! Lite,ONA,6.0,0.0,0.0,0000-00-00,0000-00-00,,0.0,,0.0,On-Hold
35608.0,Chuunibyou demo Koi ga Shitai! Movie: Take On Me,Movie,1.0,0.0,0.0,0000-00-00,0000-00-00,,0.0,,0.0,On-Hold
18671.0,Chuunibyou demo Koi ga Shitai! Ren,TV,12.0,0.0,0.0,0000-00-00,0000-00-00,,0.0,,0.0,On-Hold
21797.0,Chuunibyou demo Koi ga Shitai! Ren Lite,ONA,6.0,0.0,0.0,0000-00-00,0000-00-00,,0.0,,0.0,On-Hold
23237.0,Chuunibyou demo Koi ga Shitai! Ren Specials,Special,7.0,0.0,0.0,0000-00-00,0000-00-00,,0.0,,0.0,On-Hold
27601.0,Chuunibyou demo Koi ga Shitai! Ren: The Rikka Wars,Special,1.0,0.0,0.0,0000-00-00,0000-00-00,,0.0,,0.0,On-Hold
59205.0,Clevatess: Majuu no Ou to Akago to Shikabane no Yuusha,TV,12.0,0.0,12.0,2025-11-30,2025-12-01,,7.0,,0.0,Completed
1575.0,Code Geass: Hangyaku no Lelouch,TV,25.0,0.0,25.0,0000-00-00,0000-00-00,,9.0,,0.0,Completed
2904.0,Code Geass: Hangyaku no Lelouch R2,TV,25.0,0.0,25.0,0000-00-00,0000-00-00,,8.0,,0.0,Completed
37823.0,Conception,TV,12.0,0.0,12.0,0000-00-00,0000-00-00,,0.0,,0.0,Completed
38940.0,Cop Craft,TV,12.0,0.0,12.0,0000-00-00,0000-00-00,,7.0,,0.0,Completed
1482.0,D.Gray-man,TV,103.0,0.0,103.0,0000-00-00,0000-00-00,,8.0,,0.0,Completed
57334.0,Dandadan,TV,12.0,0.0,0.0,0000-00-00,0000-00-00,,0.0,,0.0,Plan to Watch
52709.0,"Danjo no Yuujou wa Seiritsu suru? (Iya, Shinai!!)",TV,12.0,0.0,0.0,0000-00-00,0000-00-00,,0.0,,0.0,Plan to Watch
35849.0,Darling in the FranXX,TV,24.0,0.0,24.0,0000-00-00,0000-00-00,,7.0,,0.0,Completed
15583.0,Date A Live,TV,12.0,0.0,12.0,0000-00-00,0000-00-00,,7.0,,0.0,Completed
19163.0,Date A Live II,TV,10.0,0.0,10.0,0000-00-00,0000-00-00,,6.0,,0.0,Completed
22961.0,Date A Live II: Kurumi Star Festival,OVA,1.0,0.0,1.0,0000-00-00,0000-00-00,,8.0,,0.0,Completed
36633.0,Date A Live III,TV,12.0,0.0,12.0,0000-00-00,0000-00-00,,7.0,,0.0,Completed
41461.0,Date A Live IV,TV,12.0,0.0,12.0,0000-00-00,0000-00-00,,7.0,,0.0,Completed
24655.0,Date A Live Movie: Mayuri Judgment,Movie,1.0,0.0,1.0,0000-00-00,0000-00-00,,7.0,,0.0,Completed
52196.0,Date A Live V,TV,12.0,0.0,0.0,0000-00-00,0000-00-00,,0.0,,0.0,Plan to Watch
17641.0,Date A Live: Date to Date,OVA,1.0,0.0,1.0,0000-00-00,0000-00-00,,7.0,,0.0,Completed
61196.0,Dead Account,TV,12.0,0.0,0.0,0000-00-00,0000-00-00,,0.0,,0.0,Plan to Watch
53613.0,Dead Mount Death Play,TV,12.0,0.0,12.0,0000-00-00,0000-00-00,,8.0,,0.0,Completed
54743.0,Dead Mount Death Play Part 2,TV,12.0,0.0,0.0,0000-00-00,0000-00-00,,0.0,,0.0,Plan to Watch
6880.0,Deadman Wonderland,TV,12.0,0.0,12.0,0000-00-00,0000-00-00,,7.0,,0.0,Completed
34497.0,Death March kara Hajimaru Isekai Kyousoukyoku,TV,12.0,0.0,12.0,0000-00-00,0000-00-00,,7.0,,0.0,Completed
43814.0,Deatte 5-byou de Battle,TV,12.0,0.0,0.0,0000-00-00,0000-00-00,,0.0,,0.0,Plan to Watch
55717.0,Dekisokonai to Yobareta Motoeiyuu wa Jikka kara Tsuihou sareta node Sukikatte ni Ikiru Koto ni Shita,TV,12.0,0.0,12.0,2025-03-18,2025-03-21,,6.0,,0.0,Completed
33988.0,Demi-chan wa Kataritai,TV,12.0,0.0,12.0,0000-00-00,0000-00-00,,7.0,,0.0,Completed
1726.0,Devil May Cry,TV,12.0,0.0,12.0,2025-08-13,2025-08-18,,6.0,,0.0,Completed
35120.0,Devilman: Crybaby,ONA,10.0,0.0,10.0,0000-00-00,0000-00-00,,7.0,,0.0,Completed
35928.0,Devils Line,TV,12.0,0.0,12.0,0000-00-00,0000-00-00,,7.0,,0.0,Completed
46604.0,Dolls' Frontline,TV,12.0,0.0,0.0,0000-00-00,0000-00-00,,0.0,,0.0,Plan to Watch
37520.0,Dororo,TV,24.0,0.0,24.0,0000-00-00,0000-00-00,,8.0,,0.0,Completed
53421.0,Dosanko Gal wa Namara Menkoi,TV,12.0,0.0,0.0,0000-00-00,0000-00-00,,0.0,,0.0,Plan to Watch
38691.0,Dr. Stone,TV,24.0,0.0,24.0,0000-00-00,0000-00-00,,8.0,,0.0,Completed
48549.0,Dr. Stone: New World,TV,11.0,0.0,0.0,0000-00-00,0000-00-00,,0.0,,0.0,Plan to Watch
50612.0,Dr. Stone: Ryuusui,TV Special,1.0,0.0,0.0,0000-00-00,0000-00-00,,0.0,,0.0,Plan to Watch
56894.0,Dragon Ball Daima,TV,20.0,0.0,0.0,0000-00-00,0000-00-00,,0.0,,0.0,Plan to Watch
30694.0,Dragon Ball Super,TV,131.0,0.0,131.0,0000-00-00,0000-00-00,,0.0,,0.0,Completed
813.0,Dragon Ball Z,TV,291.0,0.0,291.0,0000-00-00,0000-00-00,,8.0,,0.0,Completed
40526.0,"Dragon, Ie wo Kau.",TV,12.0,0.0,0.0,0000-00-00,0000-00-00,,0.0,,0.0,Plan to Watch
52701.0,Dungeon Meshi,TV,24.0,0.0,24.0,0000-00-00,0000-00-00,,8.0,,0.0,Completed
28121.0,Dungeon ni Deai wo Motomeru no wa Machigatteiru Darou ka,TV,13.0,0.0,13.0,0000-00-00,0000-00-00,,8.0,,0.0,Completed
32887.0,Dungeon ni Deai wo Motomeru no wa Machigatteiru Darou ka Gaiden: Sword Oratoria,TV,12.0,0.0,12.0,0000-00-00,0000-00-00,,0.0,,0.0,Completed
37347.0,Dungeon ni Deai wo Motomeru no wa Machigatteiru Darou ka II,TV,12.0,0.0,12.0,0000-00-00,0000-00-00,,8.0,,0.0,Completed
40453.0,Dungeon ni Deai wo Motomeru no wa Machigatteiru Darou ka II OVA,OVA,1.0,0.0,1.0,0000-00-00,0000-00-00,,0.0,,0.0,Completed
40454.0,Dungeon ni Deai wo Motomeru no wa Machigatteiru Darou ka III,TV,12.0,0.0,12.0,0000-00-00,0000-00-00,,0.0,,0.0,Completed
44983.0,Dungeon ni Deai wo Motomeru no wa Machigatteiru Darou ka III OVA,OVA,1.0,0.0,1.0,0000-00-00,0000-00-00,,0.0,,0.0,Completed
52357.0,Dungeon ni Deai wo Motomeru no wa Machigatteiru Darou ka IV Episode 0,TV Special,1.0,0.0,1.0,2024-10-07,2024-10-07,,0.0,,0.0,Completed
47164.0,Dungeon ni Deai wo Motomeru no wa Machigatteiru Darou ka IV: Shin Shou - Meikyuu-hen,TV,11.0,0.0,11.0,0000-00-00,0000-00-00,,7.0,,0.0,Completed
53111.0,Dungeon ni Deai wo Motomeru no wa Machigatteiru Darou ka IV: Shin Shou - Yakusai-hen,TV,11.0,0.0,11.0,0000-00-00,0000-00-00,,8.0,,0.0,Completed
57066.0,Dungeon ni Deai wo Motomeru no wa Machigatteiru Darou ka V: Houjou no Megami-hen,TV,15.0,0.0,0.0,0000-00-00,0000-00-00,,0.0,,0.0,Plan to Watch
42192.0,Edens Zero,TV,25.0,0.0,25.0,2021-11-22,2021-11-23,,0.0,,0.0,Completed
54917.0,Edens Zero (Recap Movie),ONA,1.0,0.0,0.0,0000-00-00,0000-00-00,,0.0,,0.0,Plan to Watch
50002.0,Edens Zero 2nd Season,TV,25.0,0.0,0.0,0000-00-00,0000-00-00,,0.0,,0.0,Plan to Watch
52081.0,Edomae Elf,TV,12.0,0.0,0.0,0000-00-00,0000-00-00,,0.0,,0.0,Plan to Watch
49894.0,Eiyuu Kyoushitsu,TV,12.0,0.0,12.0,0000-00-00,0000-00-00,,6.0,,0.0,Completed
50481.0,"Eiyuuou, Bu wo Kiwameru Tame Tenseisu: Soshite, Sekai Saikyou no Minarai Kishi♀",TV,12.0,0.0,12.0,0000-00-00,0000-00-00,,7.0,,0.0,Completed
38671.0,Enen no Shouboutai,TV,24.0,0.0,24.0,0000-00-00,0000-00-00,,8.0,,0.0,Completed
40956.0,Enen no Shouboutai: Ni no Shou,TV,24.0,0.0,24.0,0000-00-00,0000-00-00,,7.0,,0.0,Completed
51818.0,Enen no Shouboutai: San no Shou,TV,12.0,0.0,0.0,0000-00-00,0000-00-00,,0.0,,0.0,Plan to Watch
59229.0,Enen no Shouboutai: San no Shou Part 2,TV,13.0,0.0,0.0,0000-00-00,0000-00-00,,0.0,,0.0,Plan to Watch
51417.0,Engage Kiss,TV,13.0,0.0,13.0,0000-00-00,0000-00-00,,6.0,,0.0,Completed
6702.0,Fairy Tail,TV,175.0,0.0,175.0,0000-00-00,0000-00-00,,8.0,,0.0,Completed
22043.0,Fairy Tail (2014),TV,102.0,0.0,102.0,0000-00-00,0000-00-00,,8.0,,0.0,Completed
49785.0,Fairy Tail: 100-nen Quest,TV,25.0,0.0,0.0,0000-00-00,0000-00-00,,0.0,,0.0,Plan to Watch
48997.0,Fantasy Bishoujo Juniku Ojisan to,TV,12.0,0.0,12.0,0000-00-00,0000-00-00,,7.0,,0.0,Completed
53127.0,Fate/strange Fake: Whispers of Dawn,TV Special,1.0,0.0,0.0,0000-00-00,0000-00-00,,0.0,,0.0,Plan to Watch
59144.0,"Fuguushoku ""Kanteishi"" ga Jitsu wa Saikyou Datta",TV,12.0,0.0,12.0,2025-12-03,2025-12-03,,6.0,,0.0,Completed
121.0,Fullmetal Alchemist,TV,51.0,0.0,51.0,0000-00-00,0000-00-00,,8.0,,0.0,Completed
5114.0,Fullmetal Alchemist: Brotherhood,TV,64.0,0.0,64.0,2018-01-09,2018-01-20,,9.0,,0.0,Completed
49709.0,Fumetsu no Anata e Season 2,TV,20.0,0.0,0.0,0000-00-00,0000-00-00,,0.0,,0.0,Plan to Watch
50425.0,"Fuufu Ijou, Koibito Miman.",TV,12.0,0.0,12.0,0000-00-00,0000-00-00,,8.0,,0.0,Completed
48760.0,"Gaikotsu Kishi-sama, Tadaima Isekai e Odekakechuu",TV,12.0,0.0,12.0,0000-00-00,0000-00-00,,7.0,,0.0,Completed
30544.0,Gakusen Toshi Asterisk,TV,12.0,0.0,12.0,0000-00-00,0000-00-00,,7.0,,0.0,Completed
31737.0,Gakusen Toshi Asterisk 2nd Season,TV,12.0,0.0,12.0,0000-00-00,0000-00-00,,0.0,,0.0,Completed
34280.0,Gamers!,TV,12.0,0.0,12.0,0000-00-00,0000-00-00,,8.0,,0.0,Completed
28907.0,"Gate: Jieitai Kanochi nite, Kaku Tatakaeri",TV,12.0,0.0,12.0,0000-00-00,0000-00-00,,7.0,,0.0,Completed
31637.0,"Gate: Jieitai Kanochi nite, Kaku Tatakaeri Part 2",TV,12.0,0.0,12.0,0000-00-00,0000-00-00,,0.0,,0.0,Completed
23289.0,Gekkan Shoujo Nozaki-kun,TV,12.0,0.0,12.0,0000-00-00,0000-00-00,,8.0,,0.0,Completed
55720.0,Genjitsu no Rimuru: Sunshine in the Slime,ONA,2.0,0.0,0.0,0000-00-00,0000-00-00,,0.0,,0.0,Plan to Watch
41710.0,Genjitsu Shugi Yuusha no Oukoku Saikenki,TV,13.0,0.0,13.0,0000-00-00,0000-00-00,,7.0,,0.0,Completed
49930.0,Genjitsu Shugi Yuusha no Oukoku Saikenki Part 2,TV,13.0,0.0,13.0,0000-00-00,0000-00-00,,8.0,,0.0,Completed
49854.0,Getsuyoubi no Tawawa 2,ONA,12.0,0.0,0.0,0000-00-00,0000-00-00,,0.0,,0.0,Plan to Watch
54968.0,Giji Harem,TV,12.0,0.0,0.0,0000-00-00,0000-00-00,,0.0,,0.0,Plan to Watch
52481.0,Gimai Seikatsu,TV,12.0,0.0,0.0,0000-00-00,0000-00-00,,0.0,,0.0,Plan to Watch
241.0,Girls Bravo: First Season,TV,11.0,0.0,11.0,0000-00-00,0000-00-00,,0.0,,0.0,Completed
37349.0,Goblin Slayer,TV,12.0,0.0,12.0,0000-00-00,0000-00-00,,8.0,,0.0,Completed
47160.0,Goblin Slayer II,TV,12.0,0.0,12.0,2024-02-16,2024-02-16,,7.0,,0.0,Completed
39576.0,Goblin Slayer: Goblin's Crown,Movie,1.0,0.0,1.0,0000-00-00,0000-00-00,,0.0,,0.0,Completed
43692.0,Gokushufudou,ONA,5.0,0.0,5.0,0000-00-00,0000-00-00,,6.0,,0.0,Completed
17895.0,Golden Time,TV,24.0,0.0,24.0,0000-00-00,0000-00-00,,8.0,,0.0,Completed
29095.0,Grisaia no Rakuen,TV,10.0,0.0,0.0,0000-00-00,0000-00-00,,0.0,,0.0,Plan to Watch
10793.0,Guilty Crown,TV,22.0,0.0,22.0,0000-00-00,0000-00-00,,6.0,,0.0,Completed
38830.0,"Hachi-nan tte, Sore wa Nai deshou!",TV,12.0,0.0,12.0,0000-00-00,0000-00-00,,7.0,,0.0,Completed
13161.0,Hagure Yuusha no Aesthetica,TV,12.0,0.0,12.0,0000-00-00,0000-00-00,,7.0,,0.0,Completed
15729.0,Hagure Yuusha no Aesthetica: Hajirai Ippai,Special,6.0,0.0,6.0,0000-00-00,0000-00-00,,0.0,,0.0,Completed
31859.0,Hai to Gensou no Grimgar,TV,12.0,0.0,12.0,0000-00-00,0000-00-00,,7.0,,0.0,Completed
20583.0,Haikyuu!!,TV,25.0,0.0,25.0,0000-00-00,0000-00-00,,9.0,,0.0,Completed
32935.0,Haikyuu!! Karasuno Koukou vs. Shiratorizawa Gakuen Koukou,TV,10.0,0.0,10.0,0000-00-00,0000-00-00,,9.0,,0.0,Completed
35111.0,Haikyuu!! Movie 4: Concept no Tatakai,Movie,1.0,0.0,0.0,0000-00-00,0000-00-00,,0.0,,0.0,Plan to Watch
28891.0,Haikyuu!! Second Season,TV,25.0,0.0,25.0,0000-00-00,0000-00-00,,9.0,,0.0,Completed
38883.0,Haikyuu!! To the Top,TV,13.0,0.0,13.0,0000-00-00,0000-00-00,,9.0,,0.0,Completed
59457.0,"Haite Kudasai, Takamine-san",TV,12.0,0.0,0.0,0000-00-00,0000-00-00,,0.0,,0.0,Plan to Watch
54362.0,Hametsu no Oukoku,TV,12.0,0.0,0.0,0000-00-00,0000-00-00,,0.0,,0.0,Plan to Watch
15809.0,Hataraku Maou-sama!,TV,13.0,0.0,13.0,0000-00-00,0000-00-00,,7.0,,0.0,Completed
48413.0,Hataraku Maou-sama!!,TV,12.0,0.0,12.0,0000-00-00,0000-00-00,,6.0,,0.0,Completed
53200.0,Hataraku Maou-sama!! 2nd Season,TV,12.0,0.0,12.0,2024-02-20,2024-02-21,,7.0,,0.0,Completed
59002.0,"Hazure Skill ""Kinomi Master"": Skill no Mi (Tabetara Shinu) wo Mugen ni Taberareru You ni Natta Ken ni Tsuite",TV,12.0,0.0,12.0,2025-12-02,2025-12-03,,6.0,,0.0,Completed
57892.0,"Hazurewaku no ""Joutai Ijou Skill"" de Saikyou ni Natta Ore ga Subete wo Juurin suru made",TV,12.0,0.0,12.0,0000-00-00,0000-00-00,,4.0,,0.0,Completed
60460.0,Hell Mode: Yarikomizuki no Gamer wa Hai Settei no Isekai de Musou suru,TV,12.0,0.0,0.0,0000-00-00,0000-00-00,,0.0,,0.0,Plan to Watch
40938.0,Hige wo Soru. Soshite Joshikousei wo Hirou.,TV,13.0,0.0,13.0,0000-00-00,0000-00-00,,7.0,,0.0,Completed
11617.0,High School DxD,TV,12.0,0.0,12.0,0000-00-00,0000-00-00,,8.0,,0.0,Completed
24703.0,High School DxD BorN,TV,12.0,0.0,12.0,0000-00-00,0000-00-00,,0.0,,0.0,Completed
31326.0,High School DxD BorN: Ishibumi Ichiei Kanzen Kanshuu! Mousou Bakuyou Kaijo Original Video,Special,6.0,0.0,6.0,0000-00-00,0000-00-00,,0.0,,0.0,Completed
32215.0,High School DxD BorN: Yomigaeranai Fushichou,OVA,1.0,0.0,1.0,0000-00-00,0000-00-00,,0.0,,0.0,Completed
34281.0,High School DxD Hero,TV,12.0,0.0,12.0,0000-00-00,0000-00-00,,0.0,,0.0,Completed
37719.0,High School DxD Hero: Taiikukan-ura no Holy,TV Special,1.0,0.0,1.0,0000-00-00,0000-00-00,,0.0,,0.0,Completed
15451.0,High School DxD New,TV,12.0,0.0,12.0,0000-00-00,0000-00-00,,8.0,,0.0,Completed
30300.0,"High School DxD New: Oppai, Tsutsumimasu!",OVA,1.0,0.0,1.0,0000-00-00,0000-00-00,,0.0,,0.0,Completed
12729.0,High School DxD OVA,OVA,2.0,0.0,2.0,0000-00-00,0000-00-00,,0.0,,0.0,Completed
13357.0,High School DxD Specials,Special,6.0,0.0,6.0,0000-00-00,0000-00-00,,0.0,,0.0,Completed
8074.0,Highschool of the Dead,TV,12.0,0.0,12.0,0000-00-00,0000-00-00,,8.0,,0.0,Completed
57891.0,Hitoribocchi no Isekai Kouryaku,TV,12.0,0.0,0.0,0000-00-00,0000-00-00,,0.0,,0.0,Plan to Watch
44042.0,Holo no Graffiti,ONA,0.0,0.0,0.0,0000-00-00,0000-00-00,,0.0,,0.0,Plan to Watch
42897.0,Horimiya,TV,13.0,0.0,13.0,0000-00-00,0000-00-00,,8.0,,0.0,Completed
54856.0,Horimiya: Piece,TV,13.0,0.0,13.0,0000-00-00,0000-00-00,,8.0,,0.0,Completed
31338.0,Hundred,TV,12.0,0.0,12.0,0000-00-00,0000-00-00,,7.0,,0.0,Completed
11061.0,Hunter x Hunter (2011),TV,148.0,0.0,148.0,0000-00-00,0000-00-00,,9.0,,0.0,Completed
37446.0,Hyakuren no Haou to Seiyaku no Valkyria,TV,12.0,0.0,12.0,0000-00-00,0000-00-00,,0.0,,0.0,Completed
12189.0,Hyouka,TV,22.0,0.0,22.0,0000-00-00,0000-00-00,,8.0,,0.0,Completed
51711.0,Hyouken no Majutsushi ga Sekai wo Suberu,TV,12.0,0.0,12.0,0000-00-00,0000-00-00,,5.0,,0.0,Completed
42361.0,"Ijiranaide, Nagatoro-san",TV,12.0,0.0,12.0,2021-08-17,2021-08-18,,8.0,,0.0,Completed
50197.0,"Ijiranaide, Nagatoro-san 2nd Attack",TV,12.0,0.0,12.0,0000-00-00,0000-00-00,,8.0,,0.0,Completed
35413.0,Imouto sae Ireba Ii.,TV,12.0,0.0,12.0,0000-00-00,0000-00-00,,7.0,,0.0,Completed
38909.0,Infinite Dendrogram,TV,13.0,0.0,13.0,0000-00-00,0000-00-00,,0.0,,0.0,Completed
51265.0,Inu ni Nattara Suki na Hito ni Hirowareta.,TV,12.0,0.0,0.0,0000-00-00,0000-00-00,,0.0,,0.0,Plan to Watch
17831.0,Inu to Hasami wa Tsukaiyou,TV,12.0,0.0,12.0,0000-00-00,0000-00-00,,0.0,,0.0,Completed
18247.0,IS: Infinite Stratos 2,TV,12.0,0.0,12.0,0000-00-00,0000-00-00,,0.0,,0.0,Completed
37744.0,Isekai Cheat Magician,TV,12.0,0.0,12.0,0000-00-00,0000-00-00,,6.0,,0.0,Completed
49297.0,Isekai Cheat Magician: Yoiboshi no Matsuri to Majutsushi,TV Special,1.0,0.0,1.0,0000-00-00,0000-00-00,,0.0,,0.0,Completed
52830.0,"Isekai de Cheat Skill wo Te ni Shita Ore wa, Genjitsu Sekai wo mo Musou Suru: Level Up wa Jinsei wo Kaeta",TV,13.0,0.0,13.0,0000-00-00,0000-00-00,,6.0,,0.0,Completed
56906.0,"Isekai de Cheat Skill wo Te ni Shita Ore wa, Genjitsu Sekai wo mo Musou Suru: Level Up wa Jinsei wo Kaeta (TV Special)",TV Special,1.0,0.0,0.0,0000-00-00,0000-00-00,,0.0,,0.0,Plan to Watch
52359.0,Isekai de Mofumofu Nadenade suru Tame ni Ganbattemasu.,TV,12.0,0.0,12.0,2024-03-22,2024-03-22,,7.0,,0.0,Completed
37210.0,Isekai Maou to Shoukan Shoujo no Dorei Majutsu,TV,12.0,0.0,12.0,0000-00-00,0000-00-00,,7.0,,0.0,Completed
41623.0,Isekai Maou to Shoukan Shoujo no Dorei Majutsu Ω,TV,10.0,0.0,10.0,0000-00-00,0000-00-00,,7.0,,0.0,Completed
44524.0,Isekai Meikyuu de Harem wo,TV,12.0,0.0,12.0,0000-00-00,0000-00-00,,7.0,,0.0,Completed
59130.0,Isekai Mokushiroku Mynoghra: Hametsu no Bunmei de Hajimeru Sekai Seifuku,TV,13.0,0.0,13.0,2025-10-02,2025-10-03,,6.0,,0.0,Completed
5781.0,Isekai no Seikishi Monogatari,OVA,13.0,0.0,13.0,0000-00-00,0000-00-00,,0.0,,0.0,Completed
51462.0,Isekai Nonbiri Nouka,TV,12.0,0.0,12.0,0000-00-00,0000-00-00,,7.0,,0.0,Completed
62146.0,Isekai Nonbiri Nouka 2,TV,12.0,0.0,0.0,0000-00-00,0000-00-00,,0.0,,0.0,Plan to Watch
49220.0,Isekai Ojisan,TV,13.0,0.0,0.0,0000-00-00,0000-00-00,,0.0,,0.0,Plan to Watch
51219.0,Isekai One Turn Kill Neesan: Ane Douhan no Isekai Seikatsu Hajimemashita,TV,12.0,0.0,12.0,0000-00-00,0000-00-00,,6.0,,0.0,Completed
52367.0,Isekai Shikkaku,TV,12.0,0.0,12.0,2024-10-05,2024-10-05,,7.0,,0.0,Completed
50220.0,Isekai Shoukan wa Nidome desu,TV,12.0,0.0,12.0,0000-00-00,0000-00-00,,6.0,,0.0,Completed
55848.0,Isekai Suicide Squad,TV,10.0,0.0,0.0,0000-00-00,0000-00-00,,0.0,,0.0,Plan to Watch
35203.0,Isekai wa Smartphone to Tomo ni.,TV,12.0,0.0,12.0,0000-00-00,0000-00-00,,6.0,,0.0,Completed
51632.0,Isekai wa Smartphone to Tomo ni. 2,TV,12.0,0.0,12.0,0000-00-00,0000-00-00,,6.0,,0.0,Completed
49438.0,Isekai Yakkyoku,TV,12.0,0.0,12.0,0000-00-00,0000-00-00,,7.0,,0.0,Completed
57380.0,Isekai Yururi Kikou: Kosodate shinagara Boukensha shimasu,TV,12.0,0.0,12.0,2024-09-20,2024-09-24,,6.0,,0.0,Completed
54449.0,Ishura,TV,12.0,0.0,12.0,2024-10-07,2024-10-07,,5.0,,0.0,Completed
58359.0,"Isshun de Chiryou shiteita noni Yakutatazu to Tsuihou sareta Tensai Chiyushi, Yami Healer toshite Tanoshiku Ikiru",TV,12.0,0.0,12.0,2025-07-30,2025-08-02,,7.0,,0.0,Completed
38790.0,Itai no wa Iya nanode Bougyoryoku ni Kyokufuri Shitai to Omoimasu.,TV,12.0,0.0,12.0,0000-00-00,0000-00-00,,8.0,,0.0,Completed
41514.0,Itai no wa Iya nanode Bougyoryoku ni Kyokufuri Shitai to Omoimasu. 2,TV,12.0,0.0,12.0,0000-00-00,0000-00-00,,8.0,,0.0,Completed
48753.0,Jahy-sama wa Kujikenai!,TV,20.0,0.0,0.0,0000-00-00,0000-00-00,,0.0,,0.0,Plan to Watch
50803.0,Jaku-Chara Tomozaki-kun 2nd Stage,TV,13.0,0.0,13.0,0000-00-00,0000-00-00,,6.0,,0.0,Completed
52619.0,Jidou Hanbaiki ni Umarekawatta Ore wa Meikyuu wo Samayou,TV,12.0,0.0,12.0,0000-00-00,0000-00-00,,7.0,,0.0,Completed
56700.0,Jidou Hanbaiki ni Umarekawatta Ore wa Meikyuu wo Samayou 2nd Season,TV,12.0,0.0,12.0,2025-09-27,2025-09-28,,6.0,,0.0,Completed
52969.0,"Jitsu wa Ore, Saikyou deshita?",TV,12.0,0.0,12.0,0000-00-00,0000-00-00,,7.0,,0.0,Completed
14719.0,JoJo no Kimyou na Bouken (TV),TV,26.0,0.0,0.0,0000-00-00,0000-00-00,,0.0,,0.0,Plan to Watch
20899.0,JoJo no Kimyou na Bouken Part 3: Stardust Crusaders,TV,24.0,0.0,0.0,0000-00-00,0000-00-00,,0.0,,0.0,Plan to Watch
26055.0,JoJo no Kimyou na Bouken Part 3: Stardust Crusaders - Egypt-hen,TV,24.0,0.0,0.0,0000-00-00,0000-00-00,,0.0,,0.0,Plan to Watch
31933.0,JoJo no Kimyou na Bouken Part 4: Diamond wa Kudakenai,TV,39.0,0.0,0.0,0000-00-00,0000-00-00,,0.0,,0.0,Plan to Watch
37991.0,JoJo no Kimyou na Bouken Part 5: Ougon no Kaze,TV,39.0,0.0,0.0,0000-00-00,0000-00-00,,0.0,,0.0,Plan to Watch
40748.0,Jujutsu Kaisen,TV,24.0,0.0,24.0,0000-00-00,0000-00-00,,9.0,,0.0,Completed
51009.0,Jujutsu Kaisen 2nd Season,TV,23.0,0.0,23.0,0000-00-00,0000-00-00,,0.0,,0.0,Watching
57658.0,Jujutsu Kaisen: Shimetsu Kaiyuu - Zenpen,TV,12.0,0.0,0.0,0000-00-00,0000-00-00,,0.0,,0.0,Plan to Watch
14467.0,K,TV,13.0,0.0,13.0,0000-00-00,0000-00-00,,8.0,,0.0,Completed
48316.0,Kage no Jitsuryokusha ni Naritakute!,TV,20.0,0.0,20.0,0000-00-00,0000-00-00,,8.0,,0.0,Completed
54595.0,Kage no Jitsuryokusha ni Naritakute! 2nd Season,TV,12.0,0.0,0.0,0000-00-00,0000-00-00,,0.0,,0.0,Plan to Watch
43608.0,Kaguya-sama wa Kokurasetai: Ultra Romantic,TV,13.0,0.0,0.0,0000-00-00,0000-00-00,,0.0,,0.0,Plan to Watch
42822.0,Kai Byoui Ramune,TV,12.0,0.0,0.0,0000-00-00,0000-00-00,,0.0,,0.0,Plan to Watch
40750.0,Kaifuku Jutsushi no Yarinaoshi,TV,12.0,0.0,12.0,0000-00-00,0000-00-00,,6.0,,0.0,Completed
49385.0,Kaijin Kaihatsu-bu no Kuroitsu-san,TV,12.0,0.0,0.0,0000-00-00,0000-00-00,,0.0,,0.0,Plan to Watch
52588.0,Kaijuu 8-gou,TV,12.0,0.0,0.0,0000-00-00,0000-00-00,,0.0,,0.0,Plan to Watch
52446.0,Kaiko sareta Ankoku Heishi (30-dai) no Slow na Second Life,TV,12.0,0.0,12.0,0000-00-00,0000-00-00,,7.0,,0.0,Completed
50339.0,Kakegurui Twin,ONA,6.0,0.0,0.0,0000-00-00,0000-00-00,,0.0,,0.0,Plan to Watch
48675.0,Kakkou no Iinazuke,TV,24.0,0.0,24.0,0000-00-00,0000-00-00,,7.0,,0.0,Completed
40221.0,Kami no Tou,TV,13.0,0.0,13.0,0000-00-00,0000-00-00,,8.0,,0.0,Completed
59989.0,Kami no Tou: Koubou-sen,TV,13.0,0.0,0.0,0000-00-00,0000-00-00,,0.0,,0.0,Plan to Watch
52635.0,Kami no Tou: Ouji no Kikan,TV,13.0,0.0,0.0,0000-00-00,0000-00-00,,0.0,,0.0,Plan to Watch
50869.0,Kami wa Game ni Ueteiru.,TV,13.0,0.0,0.0,0000-00-00,0000-00-00,,0.0,,0.0,Plan to Watch
49109.0,Kami-tachi ni Hirowareta Otoko 2nd Season,TV,12.0,0.0,12.0,0000-00-00,0000-00-00,,6.0,,0.0,Completed
51693.0,Kaminaki Sekai no Kamisama Katsudou,TV,12.0,0.0,12.0,0000-00-00,0000-00-00,,6.0,,0.0,Completed
53879.0,Kamonohashi Ron no Kindan Suiri,TV,13.0,0.0,0.0,0000-00-00,0000-00-00,,0.0,,0.0,Plan to Watch
60140.0,"Kanchigai no Atelier Meister: Eiyuu Party no Moto Zatsuyougakari ga, Jitsu wa Sentou Igai ga SSS Rank Datta to Iu Yoku Aru Hanashi",TV,12.0,0.0,12.0,2025-06-16,2025-06-22,,7.0,,0.0,Completed
30455.0,KanColle: Itsuka Ano Umi de,TV,8.0,0.0,0.0,0000-00-00,0000-00-00,,0.0,,0.0,Plan to Watch
52308.0,Kanojo ga Koushaku-tei ni Itta Riyuu,TV,12.0,0.0,0.0,0000-00-00,0000-00-00,,0.0,,0.0,Plan to Watch
53040.0,Kanojo mo Kanojo Season 2,TV,12.0,0.0,0.0,0000-00-00,0000-00-00,,0.0,,0.0,Plan to Watch
40839.0,"Kanojo, Okarishimasu",TV,12.0,0.0,12.0,0000-00-00,0000-00-00,,8.0,,0.0,Completed
42963.0,"Kanojo, Okarishimasu 2nd Season",TV,12.0,0.0,0.0,0000-00-00,0000-00-00,,0.0,,0.0,Plan to Watch
53050.0,"Kanojo, Okarishimasu 3rd Season",TV,12.0,0.0,0.0,0000-00-00,0000-00-00,,0.0,,0.0,Plan to Watch
38993.0,Karakai Jouzu no Takagi-san 2,TV,12.0,0.0,12.0,0000-00-00,0000-00-00,,8.0,,0.0,Completed
59452.0,"Katainaka no Ossan, Kensei ni Naru",TV,12.0,0.0,12.0,0000-00-00,2025-07-06,,7.0,,0.0,Completed
61897.0,"Katainaka no Ossan, Kensei ni Naru II",TV,0.0,0.0,0.0,0000-00-00,0000-00-00,,0.0,,0.0,Plan to Watch
45613.0,Kawaii dake ja Nai Shikimori-san,TV,12.0,0.0,12.0,0000-00-00,0000-00-00,,6.0,,0.0,Completed
39326.0,Kawaikereba Hentai demo Suki ni Natte Kuremasu ka?,TV,12.0,0.0,12.0,0000-00-00,0000-00-00,,0.0,,0.0,Completed
53163.0,Kawaisugi Crisis,TV,12.0,0.0,0.0,0000-00-00,0000-00-00,,0.0,,0.0,Plan to Watch
1691.0,Kaze no Stigma,TV,24.0,0.0,24.0,0000-00-00,0000-00-00,,7.0,,0.0,Completed
52990.0,"Keikenzumi na Kimi to, Keiken Zero na Ore ga, Otsukiai suru Hanashi.",TV,12.0,0.0,0.0,0000-00-00,0000-00-00,,0.0,,0.0,Plan to Watch
24439.0,Kekkai Sensen,TV,12.0,0.0,12.0,0000-00-00,0000-00-00,,7.0,,0.0,Completed
55887.0,"Kekkon suru tte, Hontou desu ka",TV,12.0,0.0,0.0,0000-00-00,0000-00-00,,0.0,,0.0,Plan to Watch
54265.0,Kekkon Yubiwa Monogatari,TV,12.0,0.0,0.0,0000-00-00,0000-00-00,,0.0,,0.0,Plan to Watch
42072.0,Kenja no Deshi wo Nanoru Kenja,TV,12.0,0.0,12.0,0000-00-00,0000-00-00,,7.0,,0.0,Completed
36407.0,Kenja no Mago,TV,12.0,0.0,12.0,0000-00-00,0000-00-00,,6.0,,0.0,Completed
53199.0,Kidou Senshi Gundam: Suisei no Majo Season 2,TV,12.0,0.0,0.0,0000-00-00,0000-00-00,,0.0,,0.0,Plan to Watch
49778.0,Kijin Gentoushou,TV,24.0,0.0,0.0,0000-00-00,0000-00-00,,0.0,,0.0,Plan to Watch
54852.0,Kikansha no Mahou wa Tokubetsu desu,TV,12.0,0.0,12.0,2024-02-17,2024-02-17,,6.0,,0.0,Completed
18679.0,Kill la Kill,TV,24.0,0.0,24.0,0000-00-00,0000-00-00,,8.0,,0.0,Plan to Watch
38000.0,Kimetsu no Yaiba,TV,26.0,0.0,26.0,0000-00-00,0000-00-00,,9.0,,0.0,Completed
40456.0,Kimetsu no Yaiba Movie: Mugen Ressha-hen,Movie,1.0,0.0,0.0,0000-00-00,0000-00-00,,0.0,,0.0,Plan to Watch
55701.0,Kimetsu no Yaiba: Hashira Geiko-hen,TV,8.0,0.0,0.0,0000-00-00,0000-00-00,,0.0,,0.0,Plan to Watch
51019.0,Kimetsu no Yaiba: Katanakaji no Sato-hen,TV,11.0,0.0,0.0,0000-00-00,0000-00-00,,0.0,,0.0,Plan to Watch
47778.0,Kimetsu no Yaiba: Yuukaku-hen,TV,11.0,0.0,0.0,0000-00-00,0000-00-00,,0.0,,0.0,Plan to Watch
54714.0,Kimi no Koto ga Daidaidaidaidaisuki na 100-nin no Kanojo,TV,12.0,0.0,12.0,2024-02-29,2024-02-29,,7.0,,0.0,Completed
49981.0,"Kimi to Boku no Saigo no Senjou, Aruiwa Sekai ga Hajimaru Seisen Season II",TV,12.0,0.0,0.0,0000-00-00,0000-00-00,,0.0,,0.0,Plan to Watch
50796.0,Kimi wa Houkago Insomnia,TV,13.0,0.0,0.0,0000-00-00,0000-00-00,,0.0,,0.0,Plan to Watch
57611.0,Kimi wa Meido-sama.,TV,12.0,0.0,0.0,0000-00-00,0000-00-00,,0.0,,0.0,Plan to Watch
51213.0,Kinsou no Vermeil: Gakeppuchi Majutsushi wa Saikyou no Yakusai to Mahou Sekai wo Tsukisusumu,TV,12.0,0.0,12.0,0000-00-00,0000-00-00,,6.0,,0.0,Completed
61727.0,Kireigoto,Music,1.0,0.0,0.0,0000-00-00,0000-00-00,,0.0,,0.0,Plan to Watch
22535.0,Kiseijuu: Sei no Kakuritsu,TV,24.0,0.0,24.0,0000-00-00,0000-00-00,,8.0,,0.0,Completed
60951.0,Kizetsu Yuusha to Ansatsu Hime,TV,12.0,0.0,0.0,0000-00-00,0000-00-00,,0.0,,0.0,Watching
60692.0,Kizoku Tensei: Megumareta Umare kara Saikyou no Chikara wo Eru,TV,12.0,0.0,0.0,0000-00-00,0000-00-00,,0.0,,0.0,Plan to Watch
51139.0,Kizuna no Allele,TV,12.0,0.0,0.0,0000-00-00,0000-00-00,,0.0,,0.0,Plan to Watch
55775.0,Kizuna no Allele Season 2,TV,12.0,0.0,0.0,0000-00-00,0000-00-00,,0.0,,0.0,Plan to Watch
34104.0,Knight's & Magic,TV,13.0,0.0,13.0,0000-00-00,0000-00-00,,0.0,,0.0,Completed
33206.0,Kobayashi-san Chi no Maid Dragon,TV,13.0,0.0,0.0,0000-00-00,0000-00-00,,0.0,,0.0,Plan to Watch
48643.0,Koi wa Sekai Seifuku no Ato de,TV,12.0,0.0,12.0,0000-00-00,0000-00-00,,7.0,,0.0,Completed
11887.0,Kokoro Connect,TV,13.0,0.0,13.0,0000-00-00,0000-00-00,,7.0,,0.0,Completed
48926.0,"Komi-san wa, Comyushou desu.",TV,12.0,0.0,0.0,0000-00-00,0000-00-00,,0.0,,0.0,Plan to Watch
50631.0,"Komi-san wa, Comyushou desu. 2nd Season",TV,12.0,0.0,0.0,0000-00-00,0000-00-00,,0.0,,0.0,Plan to Watch
48742.0,"Kono Healer, Mendokusai",TV,12.0,0.0,0.0,0000-00-00,0000-00-00,,0.0,,0.0,Plan to Watch
51958.0,Kono Subarashii Sekai ni Bakuen wo!,TV,12.0,0.0,0.0,0000-00-00,0000-00-00,,0.0,,0.0,Plan to Watch
30831.0,Kono Subarashii Sekai ni Shukufuku wo!,TV,10.0,0.0,10.0,0000-00-00,0000-00-00,,7.0,,0.0,Completed
32937.0,Kono Subarashii Sekai ni Shukufuku wo! 2,TV,10.0,0.0,10.0,0000-00-00,0000-00-00,,8.0,,0.0,Completed
49458.0,Kono Subarashii Sekai ni Shukufuku wo! 3,TV,11.0,0.0,0.0,0000-00-00,0000-00-00,,0.0,,0.0,Plan to Watch
59833.0,Kono Subarashii Sekai ni Shukufuku wo! 3: Bonus Stage,OVA,2.0,0.0,0.0,0000-00-00,0000-00-00,,0.0,,0.0,Plan to Watch
52173.0,Koori Zokusei Danshi to Cool na Douryou Joshi,TV,12.0,0.0,0.0,0000-00-00,0000-00-00,,0.0,,0.0,Plan to Watch
8841.0,Kore wa Zombie desu ka?,TV,12.0,0.0,12.0,0000-00-00,0000-00-00,,0.0,,0.0,Completed
10790.0,Kore wa Zombie desu ka? of the Dead,TV,10.0,0.0,10.0,0000-00-00,0000-00-00,,0.0,,0.0,Completed
15437.0,"Kore wa Zombie desu ka? of the Dead: Hai, Minotake ni Attemasu",OVA,1.0,0.0,1.0,0000-00-00,0000-00-00,,0.0,,0.0,Completed
10209.0,Kore wa Zombie desu ka? OVA,OVA,2.0,0.0,2.0,0000-00-00,0000-00-00,,0.0,,0.0,Completed
49909.0,Kotarou wa Hitorigurashi,ONA,10.0,0.0,10.0,0000-00-00,0000-00-00,,8.0,,0.0,Completed
56907.0,Koujo Denka no Kateikyoushi,TV,12.0,0.0,0.0,0000-00-00,0000-00-00,,0.0,,0.0,Watching
28623.0,Koutetsujou no Kabaneri,TV,12.0,0.0,0.0,0000-00-00,0000-00-00,,0.0,,0.0,Plan to Watch
51815.0,Kubo-san wa Mob wo Yurusanai,TV,12.0,0.0,12.0,2023-10-07,2023-10-07,,8.0,,0.0,Completed
45486.0,Kuma Kuma Kuma Bear Punch!,TV,12.0,0.0,12.0,0000-00-00,0000-00-00,,7.0,,0.0,Completed
49776.0,Kumichou Musume to Sewagakari,TV,12.0,0.0,12.0,0000-00-00,0000-00-00,,7.0,,0.0,Completed
37984.0,"Kumo desu ga, Nani ka?",TV,24.0,0.0,24.0,0000-00-00,0000-00-00,,7.0,,0.0,Completed
51064.0,Kuro no Shoukanshi,TV,12.0,0.0,12.0,0000-00-00,0000-00-00,,7.0,,0.0,Completed
55855.0,Kuroshitsuji: Kishuku Gakkou-hen,TV,11.0,0.0,0.0,0000-00-00,0000-00-00,,0.0,,0.0,Plan to Watch
58514.0,Kusuriya no Hitorigoto 2nd Season,TV,24.0,0.0,0.0,0000-00-00,0000-00-00,,0.0,,0.0,Plan to Watch
39017.0,Kyokou Suiri,TV,12.0,0.0,12.0,0000-00-00,0000-00-00,,0.0,,0.0,Completed
44204.0,Kyokou Suiri Season 2,TV,12.0,0.0,0.0,0000-00-00,0000-00-00,,0.0,,0.0,Plan to Watch
18153.0,Kyoukai no Kanata,TV,12.0,0.0,12.0,0000-00-00,0000-00-00,,8.0,,0.0,Completed
44276.0,Kyuukyoku Shinka shita Full Dive RPG ga Genjitsu yori mo Kusoge Dattara,TV,12.0,0.0,12.0,0000-00-00,0000-00-00,,5.0,,0.0,Completed
56038.0,Lazarus,TV,13.0,0.0,0.0,0000-00-00,0000-00-00,,0.0,,0.0,Plan to Watch
48239.0,Leadale no Daichi nite,TV,12.0,0.0,12.0,0000-00-00,0000-00-00,,7.0,,0.0,Completed
51764.0,Level 1 dakedo Unique Skill de Saikyou desu,TV,12.0,0.0,12.0,0000-00-00,0000-00-00,,7.0,,0.0,Completed
48633.0,Liar Liar,TV,12.0,0.0,0.0,0000-00-00,0000-00-00,,0.0,,0.0,Plan to Watch
17265.0,Log Horizon,TV,25.0,0.0,25.0,0000-00-00,0000-00-00,,7.0,,0.0,Completed
56352.0,"Loop 7-kaime no Akuyaku Reijou wa, Moto Tekikoku de Jiyuu Kimama na Hanayome Seikatsu wo Mankitsu suru",TV,12.0,0.0,0.0,0000-00-00,0000-00-00,,0.0,,0.0,Plan to Watch
50709.0,Lycoris Recoil,TV,13.0,0.0,0.0,0000-00-00,0000-00-00,,0.0,,0.0,Plan to Watch
17247.0,Machine-Doll wa Kizutsukanai,TV,12.0,0.0,12.0,0000-00-00,0000-00-00,,0.0,,0.0,Completed
21415.0,Machine-Doll wa Kizutsukanai Specials,Special,6.0,0.0,6.0,0000-00-00,0000-00-00,,0.0,,0.0,Completed
24455.0,Madan no Ou to Vanadis,TV,13.0,0.0,13.0,0000-00-00,0000-00-00,,0.0,,0.0,Completed
18115.0,Magi: The Kingdom of Magic,TV,25.0,0.0,0.0,0000-00-00,0000-00-00,,0.0,,0.0,Plan to Watch
14513.0,Magi: The Labyrinth of Magic,TV,25.0,0.0,0.0,0000-00-00,0000-00-00,,0.0,,0.0,Plan to Watch
49291.0,Magia Record: Mahou Shoujo Madoka☆Magica Gaiden Final Season - Asaki Yume no Akatsuki,TV Special,4.0,0.0,0.0,0000-00-00,0000-00-00,,0.0,,0.0,Plan to Watch
59265.0,Magic Maker: Isekai Mahou no Tsukurikata,TV,12.0,0.0,12.0,2025-06-11,2025-06-16,,6.0,,0.0,Completed
54722.0,Mahou Shoujo ni Akogarete,TV,13.0,0.0,0.0,0000-00-00,0000-00-00,,0.0,,0.0,Plan to Watch
20785.0,Mahouka Koukou no Rettousei,TV,26.0,0.0,26.0,0000-00-00,0000-00-00,,8.0,,0.0,Completed
50713.0,Mahouka Koukou no Rettousei 3rd Season,TV,13.0,0.0,13.0,2024-07-29,2024-08-01,,7.0,,0.0,Completed
32900.0,Mahouka Koukou no Rettousei Movie: Hoshi wo Yobu Shoujo,Movie,1.0,0.0,1.0,0000-00-00,0000-00-00,,0.0,,0.0,Completed
40497.0,Mahouka Koukou no Rettousei: Raihousha-hen,TV,13.0,0.0,13.0,0000-00-00,0000-00-00,,0.0,,0.0,Completed
45572.0,Mahouka Koukou no Yuutousei,TV,13.0,0.0,13.0,0000-00-00,0000-00-00,,0.0,,0.0,Completed
35062.0,Mahoutsukai no Yome,TV,24.0,0.0,24.0,0000-00-00,0000-00-00,,7.0,,0.0,Completed
52955.0,Mahoutsukai no Yome Season 2,TV,12.0,0.0,0.0,0000-00-00,0000-00-00,,0.0,,0.0,Plan to Watch
55742.0,Mahoutsukai no Yome Season 2 Part 2,TV,12.0,0.0,0.0,0000-00-00,0000-00-00,,0.0,,0.0,Plan to Watch
32902.0,Mahoutsukai no Yome: Hoshi Matsu Hito,OVA,3.0,0.0,3.0,0000-00-00,0000-00-00,,7.0,,0.0,Completed
48842.0,Mahoutsukai Reimeiki,TV,12.0,0.0,12.0,0000-00-00,0000-00-00,,6.0,,0.0,Completed
39196.0,Mairimashita! Iruma-kun,TV,23.0,0.0,23.0,0000-00-00,0000-00-00,,8.0,,0.0,Completed
41402.0,Mairimashita! Iruma-kun 2nd Season,TV,21.0,0.0,21.0,0000-00-00,2021-09-13,,8.0,,0.0,Completed
49784.0,Mairimashita! Iruma-kun 3rd Season,TV,21.0,0.0,21.0,0000-00-00,0000-00-00,,7.0,,0.0,Completed
60310.0,Mairimashita! Iruma-kun 4th Season,TV,24.0,0.0,0.0,0000-00-00,0000-00-00,,0.0,,0.0,Plan to Watch
10213.0,Maji de Watashi ni Koi Shinasai!,TV,12.0,0.0,12.0,0000-00-00,0000-00-00,,0.0,,0.0,Completed
52816.0,Majo to Yajuu,TV,12.0,0.0,0.0,0000-00-00,0000-00-00,,0.0,,0.0,Plan to Watch
60810.0,Majutsushi Kunon wa Mieteiru,TV,13.0,0.0,0.0,0000-00-00,0000-00-00,,0.0,,0.0,Plan to Watch
54738.0,Majutsushi Orphen Hagure Tabi: Seiiki-hen,TV,12.0,0.0,0.0,0000-00-00,0000-00-00,,0.0,,0.0,Plan to Watch
53162.0,Majutsushi Orphen Hagure Tabi: Urbanrama-hen,TV,12.0,0.0,0.0,0000-00-00,0000-00-00,,0.0,,0.0,Plan to Watch
57524.0,Make Heroine ga Oosugiru!,TV,12.0,0.0,0.0,0000-00-00,0000-00-00,,0.0,,0.0,Plan to Watch
49470.0,Mamahaha no Tsurego ga Motokano datta,TV,12.0,0.0,0.0,0000-00-00,0000-00-00,,0.0,,0.0,Watching
48417.0,"Maou Gakuin no Futekigousha II: Shijou Saikyou no Maou no Shiso, Tensei shite Shison-tachi no Gakkou e Kayou",TV,12.0,0.0,12.0,2023-10-07,2023-10-07,,6.0,,0.0,Completed
48418.0,"Maou Gakuin no Futekigousha II: Shijou Saikyou no Maou no Shiso, Tensei shite Shison-tachi no Gakkou e Kayou Part 2",TV,12.0,0.0,0.0,0000-00-00,0000-00-00,,0.0,,0.0,Plan to Watch
40496.0,"Maou Gakuin no Futekigousha: Shijou Saikyou no Maou no Shiso, Tensei shite Shison-tachi no Gakkou e Kayou",TV,13.0,0.0,13.0,0000-00-00,0000-00-00,,7.0,,0.0,Completed
61884.0,Maou no Musume wa Yasashisugiru!!,TV,12.0,0.0,0.0,0000-00-00,0000-00-00,,0.0,,0.0,Plan to Watch
53434.0,"Maou no Ore ga Dorei Elf wo Yome ni Shitanda ga, Dou Medereba Ii?",TV,12.0,0.0,12.0,2024-06-18,2024-06-19,,7.0,,0.0,Completed
38297.0,"Maou-sama, Retry!",TV,12.0,0.0,12.0,0000-00-00,0000-00-00,,7.0,,0.0,Completed
57876.0,Maougun Saikyou no Majutsushi wa Ningen datta,TV,12.0,0.0,12.0,2025-02-18,2025-03-21,,0.0,,0.0,Completed
40397.0,Maoujou de Oyasumi,TV,12.0,0.0,12.0,0000-00-00,0000-00-00,,8.0,,0.0,Completed
33487.0,Masamune-kun no Revenge,TV,12.0,0.0,12.0,0000-00-00,0000-00-00,,7.0,,0.0,Completed
51498.0,Masamune-kun no Revenge R,TV,12.0,0.0,0.0,0000-00-00,0000-00-00,,0.0,,0.0,Plan to Watch
52211.0,Mashle,TV,12.0,0.0,12.0,0000-00-00,0000-00-00,,8.0,,0.0,Completed
55339.0,Mashle: Mash Burnedead to Fushigi na Tegami,TV Special,1.0,0.0,0.0,0000-00-00,0000-00-00,,0.0,,0.0,Plan to Watch
55813.0,Mashle: Shinkakusha Kouho Senbatsu Shiken-hen,TV,12.0,0.0,12.0,2024-11-13,2024-11-13,,7.0,,0.0,Completed
50392.0,Mato Seihei no Slave,TV,12.0,0.0,12.0,2024-11-13,2024-11-14,,6.0,,0.0,Completed
41812.0,Megami-ryou no Ryoubo-kun.,TV,10.0,0.0,0.0,0000-00-00,0000-00-00,,0.0,,0.0,Plan to Watch
42340.0,Meikyuu Black Company,TV,12.0,0.0,12.0,0000-00-00,0000-00-00,,7.0,,0.0,Completed
235.0,Meitantei Conan,TV,0.0,0.0,702.0,0000-00-00,0000-00-00,,8.0,,0.0,On-Hold
54794.0,Metallic Rouge,TV,13.0,0.0,0.0,0000-00-00,0000-00-00,,0.0,,0.0,Plan to Watch
10620.0,Mirai Nikki (TV),TV,26.0,0.0,26.0,0000-00-00,0000-00-00,,6.0,,0.0,Completed
60732.0,Mizu Zokusei no Mahoutsukai,TV,12.0,0.0,12.0,0000-00-00,0000-00-00,,6.0,,0.0,Completed
3342.0,Mnemosyne: Mnemosyne no Musume-tachi,TV,6.0,0.0,6.0,0000-00-00,0000-00-00,,0.0,,0.0,Completed
57646.0,Mob kara Hajimaru Tansaku Eiyuutan,TV,12.0,0.0,12.0,2024-11-14,2024-11-15,,7.0,,0.0,Completed
32182.0,Mob Psycho 100,TV,12.0,0.0,12.0,0000-00-00,0000-00-00,,8.0,,0.0,Completed
37510.0,Mob Psycho 100 II,TV,13.0,0.0,13.0,0000-00-00,0000-00-00,,9.0,,0.0,Completed
50172.0,Mob Psycho 100 III,TV,12.0,0.0,0.0,0000-00-00,0000-00-00,,0.0,,0.0,Plan to Watch
30307.0,Monster Musume no Iru Nichijou,TV,12.0,0.0,12.0,0000-00-00,0000-00-00,,0.0,,0.0,Completed
40708.0,Monster Musume no Oishasan,TV,12.0,0.0,12.0,0000-00-00,0000-00-00,,0.0,,0.0,Completed
17505.0,Mushibugyou,TV,26.0,0.0,26.0,0000-00-00,0000-00-00,,0.0,,0.0,Completed
56854.0,Mushoku no Eiyuu: Betsu ni Skill Nanka Iranakatta n da ga,TV,12.0,0.0,12.0,2025-12-13,2025-12-13,,0.0,,0.0,Completed
51179.0,Mushoku Tensei II: Isekai Ittara Honki Dasu,TV,12.0,0.0,12.0,0000-00-00,0000-00-00,,8.0,,0.0,Completed
55818.0,Mushoku Tensei II: Isekai Ittara Honki Dasu - Shugo Jutsushi Fitz,TV Special,1.0,0.0,0.0,0000-00-00,0000-00-00,,0.0,,0.0,Plan to Watch
55888.0,Mushoku Tensei II: Isekai Ittara Honki Dasu Part 2,TV,12.0,0.0,0.0,0000-00-00,0000-00-00,,0.0,,0.0,Plan to Watch
39535.0,Mushoku Tensei: Isekai Ittara Honki Dasu,TV,11.0,0.0,11.0,0000-00-00,0000-00-00,,8.0,,0.0,Completed
50360.0,Mushoku Tensei: Isekai Ittara Honki Dasu - Eris no Goblin Toubatsu,Special,1.0,0.0,0.0,0000-00-00,0000-00-00,,0.0,,0.0,Plan to Watch
45576.0,Mushoku Tensei: Isekai Ittara Honki Dasu Part 2,TV,12.0,0.0,12.0,0000-00-00,0000-00-00,,8.0,,0.0,Completed
40608.0,Muv-Luv Alternative,TV,12.0,0.0,0.0,0000-00-00,0000-00-00,,0.0,,0.0,Plan to Watch
11021.0,Muv-Luv Alternative: Total Eclipse,TV,24.0,0.0,0.0,0000-00-00,0000-00-00,,0.0,,0.0,Plan to Watch
52092.0,My Home Hero,TV,12.0,0.0,0.0,0000-00-00,0000-00-00,,0.0,,0.0,Plan to Watch
50582.0,Nanatsu no Maken ga Shihai suru,TV,15.0,0.0,15.0,0000-00-00,0000-00-00,,6.0,,0.0,Completed
23755.0,Nanatsu no Taizai,TV,24.0,0.0,24.0,0000-00-00,0000-00-00,,6.0,,0.0,Completed
34577.0,Nanatsu no Taizai: Imashime no Fukkatsu,TV,24.0,0.0,0.0,0000-00-00,0000-00-00,,0.0,,0.0,Plan to Watch
31722.0,Nanatsu no Taizai: Seisen no Shirushi,TV,4.0,0.0,0.0,0000-00-00,0000-00-00,,0.0,,0.0,Plan to Watch
38397.0,Nande Koko ni Sensei ga!?,TV,12.0,0.0,12.0,0000-00-00,0000-00-00,,0.0,,0.0,Completed
39689.0,Nande Koko ni Sensei ga!? Nande Koko ni Sensei-tachi ga!?,Special,1.0,0.0,1.0,0000-00-00,0000-00-00,,0.0,,0.0,Completed
20.0,Naruto,TV,220.0,0.0,220.0,0000-00-00,0000-00-00,,8.0,,0.0,Completed
1735.0,Naruto: Shippuuden,TV,500.0,0.0,500.0,0000-00-00,0000-00-00,,9.0,,0.0,Completed
56062.0,Naze Boku no Sekai wo Daremo Oboeteinai no ka?,TV,12.0,0.0,12.0,2024-11-11,2024-11-12,,6.0,,0.0,Completed
46422.0,Niehime to Kemono no Ou,TV,24.0,0.0,0.0,0000-00-00,0000-00-00,,0.0,,0.0,Plan to Watch
51105.0,NieR:Automata Ver1.1a,TV,12.0,0.0,0.0,0000-00-00,0000-00-00,,0.0,,0.0,Plan to Watch
56063.0,NieR:Automata Ver1.1a Part 2,TV,12.0,0.0,0.0,0000-00-00,0000-00-00,,0.0,,0.0,Plan to Watch
54724.0,Nige Jouzu no Wakagimi,TV,12.0,0.0,0.0,0000-00-00,0000-00-00,,0.0,,0.0,Plan to Watch
49612.0,Ningen Fushin no Boukensha-tachi ga Sekai wo Sukuu you desu,TV,12.0,0.0,12.0,0000-00-00,0000-00-00,,6.0,,0.0,Completed
18897.0,Nisekoi,TV,20.0,0.0,20.0,0000-00-00,0000-00-00,,7.0,,0.0,Completed
24227.0,Nisekoi OVA,OVA,3.0,0.0,3.0,0000-00-00,0000-00-00,,0.0,,0.0,Completed
27787.0,Nisekoi:,TV,12.0,0.0,12.0,0000-00-00,0000-00-00,,0.0,,0.0,Completed
32553.0,Nisekoi: OVA,OVA,2.0,0.0,2.0,0000-00-00,0000-00-00,,0.0,,0.0,Completed
19815.0,No Game No Life,TV,12.0,0.0,12.0,0000-00-00,0000-00-00,,8.0,,0.0,Completed
24991.0,No Game No Life Specials,Special,6.0,0.0,0.0,0000-00-00,0000-00-00,,0.0,,0.0,Plan to Watch
33674.0,No Game No Life: Zero,Movie,1.0,0.0,0.0,0000-00-00,0000-00-00,,0.0,,0.0,Plan to Watch
20507.0,Noragami,TV,12.0,0.0,12.0,0000-00-00,0000-00-00,,8.0,,0.0,Completed
30503.0,Noragami Aragoto,TV,13.0,0.0,13.0,0000-00-00,0000-00-00,,7.0,,0.0,Completed
51128.0,Noumin Kanren no Skill bakka Agetetara Nazeka Tsuyoku Natta.,TV,12.0,0.0,12.0,0000-00-00,0000-00-00,,6.0,,0.0,Completed
51648.0,Nozomanu Fushi no Boukensha,TV,12.0,0.0,12.0,2025-12-31,2026-01-01,,7.0,,0.0,Completed
53149.0,Oemojisangjuui,ONA,8.0,0.0,8.0,0000-00-00,0000-00-00,,8.0,,0.0,Completed
61549.0,Okiraku Ryoushu no Tanoshii Ryouchi Bouei: Seisankei Majutsu de Na mo Naki Mura wo Saikyou no Jousai Toshi ni,TV,12.0,0.0,0.0,0000-00-00,0000-00-00,,0.0,,0.0,Plan to Watch
21.0,One Piece,TV,0.0,0.0,1696.0,2016-06-10,0000-00-00,,9.0,,0.0,Watching
30276.0,One Punch Man,TV,12.0,0.0,12.0,0000-00-00,0000-00-00,,9.0,,0.0,Completed
34134.0,One Punch Man 2nd Season,TV,12.0,0.0,12.0,0000-00-00,0000-00-00,,9.0,,0.0,Completed
52807.0,One Punch Man 3,TV,12.0,0.0,12.0,2026-01-01,2026-01-01,,5.0,,0.0,Completed
51122.0,Ookami to Koushinryou: Merchant Meets the Wise Wolf,TV,25.0,0.0,0.0,0000-00-00,0000-00-00,,0.0,,0.0,Plan to Watch
52299.0,Ore dake Level Up na Ken,TV,12.0,0.0,12.0,2025-05-06,2025-05-10,,8.0,,0.0,Completed
58567.0,Ore dake Level Up na Ken Season 2: Arise from the Shadow,TV,13.0,0.0,13.0,2025-05-10,2025-05-13,,8.0,,0.0,Completed
36632.0,Ore ga Suki nano wa Imouto dakedo Imouto ja Nai,TV,10.0,0.0,10.0,0000-00-00,0000-00-00,,7.0,,0.0,Completed
14749.0,Ore no Kanojo to Osananajimi ga Shuraba Sugiru,TV,13.0,0.0,13.0,0000-00-00,0000-00-00,,0.0,,0.0,Completed
60154.0,Ore wa Seikan Kokka no Akutoku Ryoushu!,TV,12.0,0.0,12.0,2025-07-14,2025-07-28,,7.0,,0.0,Completed
57058.0,"Ore wa Subete wo ""Parry"" suru: Gyaku Kanchigai no Sekai Saikyou wa Boukensha ni Naritai",TV,12.0,0.0,0.0,0000-00-00,0000-00-00,,0.0,,0.0,Plan to Watch
62081.0,"Ore wa Subete wo ""Parry"" suru: Gyaku Kanchigai no Sekai Saikyou wa Boukensha ni Naritai 2nd Season",TV,0.0,0.0,0.0,0000-00-00,0000-00-00,,0.0,,0.0,Plan to Watch
38483.0,Ore wo Suki nano wa Omae dake ka yo,TV,12.0,0.0,12.0,0000-00-00,0000-00-00,,0.0,,0.0,Completed
45560.0,Orient,TV,12.0,0.0,12.0,0000-00-00,0000-00-00,,6.0,,0.0,Completed
51368.0,Orient: Awajishima Gekitou-hen,TV,12.0,0.0,12.0,0000-00-00,0000-00-00,,7.0,,0.0,Completed
43007.0,Osananajimi ga Zettai ni Makenai Love Comedy,TV,12.0,0.0,12.0,0000-00-00,0000-00-00,,6.0,,0.0,Completed
49457.0,Otome Game no Hametsu Flag shika Nai Akuyaku Reijou ni Tensei shiteshimatta... OVA,OVA,1.0,0.0,0.0,0000-00-00,0000-00-00,,0.0,,0.0,Plan to Watch
42282.0,Otome Game no Hametsu Flag shika Nai Akuyaku Reijou ni Tensei shiteshimatta... X,TV,12.0,0.0,0.0,0000-00-00,0000-00-00,,0.0,,0.0,Plan to Watch
50461.0,Otome Game Sekai wa Mob ni Kibishii Sekai desu,TV,12.0,0.0,12.0,0000-00-00,0000-00-00,,7.0,,0.0,Completed
51705.0,Otonari ni Ginga,TV,12.0,0.0,0.0,0000-00-00,0000-00-00,,0.0,,0.0,Plan to Watch
50739.0,Otonari no Tenshi-sama ni Itsunomanika Dame Ningen ni Sareteita Ken,TV,12.0,0.0,0.0,0000-00-00,0000-00-00,,0.0,,0.0,Plan to Watch
40834.0,Ousama Ranking,TV,23.0,0.0,23.0,2024-04-05,2024-04-05,,8.0,,0.0,Completed
55744.0,Ousama Ranking Movie,Movie,1.0,0.0,0.0,0000-00-00,0000-00-00,,0.0,,0.0,Plan to Watch
52657.0,Ousama Ranking: Yuuki no Takarabako,TV,10.0,0.0,10.0,2024-04-05,2024-04-05,,7.0,,0.0,Completed
29803.0,Overlord,TV,13.0,0.0,13.0,0000-00-00,0000-00-00,,8.0,,0.0,Completed
35073.0,Overlord II,TV,13.0,0.0,13.0,0000-00-00,0000-00-00,,7.0,,0.0,Completed
37675.0,Overlord III,TV,13.0,0.0,13.0,0000-00-00,0000-00-00,,8.0,,0.0,Completed
48895.0,Overlord IV,TV,13.0,0.0,13.0,0000-00-00,0000-00-00,,8.0,,0.0,Completed
11179.0,Papa no Iukoto wo Kikinasai!,TV,12.0,0.0,12.0,0000-00-00,0000-00-00,,0.0,,0.0,Completed
50380.0,Paripi Koumei,TV,12.0,0.0,12.0,0000-00-00,0000-00-00,,8.0,,0.0,Completed
57944.0,"Party kara Tsuihou sareta Sono Chiyushi, Jitsu wa Saikyou ni Tsuki",TV,12.0,0.0,12.0,2025-02-11,2025-02-12,,5.0,,0.0,Completed
53280.0,Pittoshite! Marmalade,Music,1.0,0.0,0.0,0000-00-00,0000-00-00,,0.0,,0.0,Plan to Watch
27775.0,Plastic Memories,TV,13.0,0.0,13.0,0000-00-00,0000-00-00,,8.0,,0.0,Completed
44961.0,Platinum End,TV,24.0,0.0,0.0,0000-00-00,0000-00-00,,0.0,,0.0,Plan to Watch
53876.0,Pokemon (2023),TV,0.0,0.0,21.0,2025-12-25,0000-00-00,,0.0,,0.0,Watching
33926.0,Quanzhi Gaoshou,ONA,12.0,0.0,12.0,0000-00-00,0000-00-00,,0.0,,0.0,Completed
37932.0,Quanzhi Gaoshou 2,ONA,12.0,0.0,0.0,0000-00-00,0000-00-00,,0.0,,0.0,Plan to Watch
49559.0,Quanzhi Gaoshou 3,ONA,17.0,0.0,0.0,0000-00-00,0000-00-00,,0.0,,0.0,Plan to Watch
37078.0,Quanzhi Gaoshou Specials,ONA,3.0,0.0,0.0,0000-00-00,0000-00-00,,0.0,,0.0,Plan to Watch
40080.0,Quanzhi Gaoshou: Dianfeng Rongyao,Movie,1.0,0.0,0.0,0000-00-00,0000-00-00,,0.0,,0.0,Plan to Watch
51297.0,Ragna Crimson,TV,24.0,0.0,0.0,0000-00-00,0000-00-00,,0.0,,0.0,Plan to Watch
23309.0,Rail Wars!,TV,12.0,0.0,12.0,0000-00-00,0000-00-00,,8.0,,0.0,Completed
56964.0,Raise wa Tanin ga Ii,TV,12.0,0.0,0.0,0000-00-00,0000-00-00,,0.0,,0.0,Plan to Watch
30296.0,Rakudai Kishi no Cavalry,TV,12.0,0.0,12.0,0000-00-00,0000-00-00,,8.0,,0.0,Completed
56690.0,Re:Monster,TV,12.0,0.0,12.0,2024-08-06,2024-08-09,,7.0,,0.0,Completed
31240.0,Re:Zero kara Hajimeru Isekai Seikatsu,TV,25.0,0.0,25.0,0000-00-00,0000-00-00,,8.0,,0.0,Completed
39587.0,Re:Zero kara Hajimeru Isekai Seikatsu 2nd Season,TV,13.0,0.0,13.0,0000-00-00,0000-00-00,,8.0,,0.0,Completed
54857.0,Re:Zero kara Hajimeru Isekai Seikatsu 3rd Season,TV,16.0,0.0,0.0,0000-00-00,0000-00-00,,0.0,,0.0,Plan to Watch
56228.0,Rekishi ni Nokoru Akujo ni Naru zo,TV,13.0,0.0,0.0,0000-00-00,0000-00-00,,0.0,,0.0,Plan to Watch
30015.0,ReLIFE,TV,13.0,0.0,13.0,0000-00-00,0000-00-00,,8.0,,0.0,Completed
38992.0,Rikei ga Koi ni Ochita no de Shoumei shitemita.,TV,12.0,0.0,12.0,0000-00-00,0000-00-00,,0.0,,0.0,Completed
43470.0,Rikei ga Koi ni Ochita no de Shoumei shitemita. Heart,TV,12.0,0.0,0.0,0000-00-00,0000-00-00,,0.0,,0.0,Plan to Watch
32951.0,Rokudenashi Majutsu Koushi to Akashic Records,TV,12.0,0.0,12.0,0000-00-00,0000-00-00,,6.0,,0.0,Completed
54259.0,Rokudou no Onna-tachi,TV,12.0,0.0,0.0,0000-00-00,0000-00-00,,0.0,,0.0,Plan to Watch
52461.0,Rougo ni Sonaete Isekai de 8-manmai no Kinka wo Tamemasu,TV,12.0,0.0,12.0,0000-00-00,0000-00-00,,7.0,,0.0,Completed
48363.0,RPG Fudousan,TV,12.0,0.0,0.0,0000-00-00,0000-00-00,,0.0,,0.0,Plan to Watch
35905.0,Ryuuou no Oshigoto!,TV,12.0,0.0,12.0,0000-00-00,0000-00-00,,0.0,,0.0,Completed
48414.0,Sabikui Bisco,TV,12.0,0.0,12.0,0000-00-00,0000-00-00,,7.0,,0.0,Completed
48761.0,Saihate no Paladin,TV,12.0,0.0,12.0,0000-00-00,0000-00-00,,6.0,,0.0,Completed
50474.0,Saihate no Paladin: Michiyuki,TV Special,1.0,0.0,0.0,0000-00-00,0000-00-00,,0.0,,0.0,Plan to Watch
50664.0,Saihate no Paladin: Tetsusabi no Yama no Ou,TV,12.0,0.0,0.0,0000-00-00,0000-00-00,,0.0,,0.0,Plan to Watch
53590.0,Saijaku Tamer wa Gomi Hiroi no Tabi wo Hajimemashita.,TV,12.0,0.0,12.0,0000-00-00,0000-00-00,,8.0,,0.0,Completed
33255.0,Saiki Kusuo no Ψ-nan,TV,120.0,0.0,120.0,0000-00-00,0000-00-00,,8.0,,0.0,Completed
19469.0,Saiki Kusuo no Ψ-nan (ONA),ONA,1.0,0.0,1.0,0000-00-00,0000-00-00,,0.0,,0.0,Completed
34612.0,Saiki Kusuo no Ψ-nan 2,TV,24.0,0.0,24.0,0000-00-00,0000-00-00,,0.0,,0.0,Completed
40542.0,Saiki Kusuo no Ψ-nan: Ψ-shidou-hen,ONA,6.0,0.0,6.0,0000-00-00,0000-00-00,,0.0,,0.0,Completed
38249.0,Saiki Kusuo no Ψ-nan: Kanketsu-hen,TV Special,1.0,0.0,1.0,0000-00-00,0000-00-00,,0.0,,0.0,Completed
51837.0,Saikin Yatotta Maid ga Ayashii,TV,11.0,0.0,0.0,0000-00-00,0000-00-00,,0.0,,0.0,Plan to Watch
17777.0,"Saikin, Imouto no Yousu ga Chotto Okashiinda ga.",TV,12.0,0.0,12.0,0000-00-00,0000-00-00,,0.0,,0.0,Completed
60146.0,"Saikyou no Ousama, Nidome no Jinsei wa Nani wo Suru?",TV,12.0,0.0,12.0,2025-06-27,2025-07-01,,6.0,,0.0,Completed
50932.0,Saikyou Onmyouji no Isekai Tenseiki,TV,13.0,0.0,13.0,0000-00-00,0000-00-00,,6.0,,0.0,Completed
56845.0,"Saikyou Tank no Meikyuu Kouryaku: Tairyoku 9999 no Rare Skill-mochi Tank, Yuusha Party wo Tsuihou sareru",TV,12.0,0.0,12.0,0000-00-00,0000-00-00,,7.0,,0.0,Completed
60285.0,Sakamoto Days Part 2,TV,11.0,0.0,11.0,2025-10-04,2025-10-05,,8.0,,0.0,Completed
13759.0,Sakura-sou no Pet na Kanojo,TV,24.0,0.0,24.0,0000-00-00,0000-00-00,,7.0,,0.0,Completed
205.0,Samurai Champloo,TV,26.0,0.0,26.0,0000-00-00,0000-00-00,,8.0,,0.0,Completed
52482.0,Sasaki to Pii-chan,TV,12.0,0.0,0.0,0000-00-00,0000-00-00,,0.0,,0.0,Plan to Watch
58445.0,"Sayounara Ryuusei, Konnichiwa Jinsei",TV,12.0,0.0,12.0,2025-02-13,2025-02-13,,6.0,,0.0,Completed
48492.0,Scarlet Nexus,TV,26.0,0.0,0.0,0000-00-00,0000-00-00,,0.0,,0.0,Plan to Watch
50184.0,Seiken Gakuin no Makentsukai,TV,12.0,0.0,12.0,2024-02-18,2024-02-18,,6.0,,0.0,Completed
22663.0,Seiken Tsukai no World Break,TV,12.0,0.0,12.0,0000-00-00,0000-00-00,,0.0,,0.0,Completed
44203.0,Seirei Gensouki,TV,12.0,0.0,12.0,0000-00-00,0000-00-00,,7.0,,0.0,Completed
50306.0,Seirei Gensouki 2,TV,12.0,0.0,0.0,0000-00-00,0000-00-00,,0.0,,0.0,Plan to Watch
22877.0,Seireitsukai no Blade Dance,TV,12.0,0.0,12.0,0000-00-00,0000-00-00,,0.0,,0.0,Completed
37450.0,Seishun Buta Yarou wa Bunny Girl Senpai no Yume wo Minai,TV,13.0,0.0,13.0,0000-00-00,0000-00-00,,9.0,,0.0,Completed
38329.0,Seishun Buta Yarou wa Yumemiru Shoujo no Yume wo Minai,Movie,1.0,0.0,1.0,0000-00-00,0000-00-00,,0.0,,0.0,Completed
47790.0,"Sekai Saikou no Ansatsusha, Isekai Kizoku ni Tensei suru",TV,12.0,0.0,12.0,0000-00-00,0000-00-00,,7.0,,0.0,Completed
4063.0,Sekirei,TV,12.0,0.0,12.0,0000-00-00,0000-00-00,,7.0,,0.0,Completed
38787.0,Senryuu Shoujo,TV,12.0,0.0,12.0,0000-00-00,0000-00-00,,0.0,,0.0,Completed
59189.0,Sentai Daishikkaku 2nd Season,TV,12.0,0.0,0.0,0000-00-00,0000-00-00,,0.0,,0.0,Plan to Watch
59514.0,Sentai Red Isekai de Boukensha ni Naru,TV,12.0,0.0,12.0,2025-05-01,2025-05-16,,6.0,,0.0,Completed
41456.0,"Sentouin, Haken shimasu!",TV,12.0,0.0,12.0,0000-00-00,0000-00-00,,7.0,,0.0,Completed
42205.0,Shaman King (2021),TV,52.0,0.0,0.0,0000-00-00,0000-00-00,,0.0,,0.0,Plan to Watch
52347.0,"Shangri-La Frontier: Kusoge Hunter, Kamige ni Idoman to su",TV,25.0,0.0,0.0,0000-00-00,0000-00-00,,0.0,,0.0,Plan to Watch
58572.0,"Shangri-La Frontier: Kusoge Hunter, Kamige ni Idoman to su 2nd Season",TV,25.0,0.0,25.0,2025-12-21,2025-12-23,,8.0,,0.0,Completed
49413.0,Shiguang Dailiren II,ONA,12.0,0.0,0.0,0000-00-00,0000-00-00,,0.0,,0.0,Plan to Watch
61607.0,Shiguang Dailiren III,ONA,24.0,0.0,0.0,0000-00-00,0000-00-00,,0.0,,0.0,Plan to Watch
48415.0,"Shijou Saikyou no Daimaou, Murabito A ni Tensei suru",TV,12.0,0.0,12.0,0000-00-00,0000-00-00,,6.0,,0.0,Completed
1559.0,Shijou Saikyou no Deshi Kenichi,TV,50.0,0.0,50.0,0000-00-00,0000-00-00,,8.0,,0.0,Completed
11813.0,Shijou Saikyou no Deshi Kenichi OVA,OVA,11.0,0.0,11.0,0000-00-00,0000-00-00,,0.0,,0.0,Completed
58426.0,Shikanoko Nokonoko Koshitantan,TV,12.0,0.0,0.0,0000-00-00,0000-00-00,,0.0,,0.0,Plan to Watch
47161.0,Shikkakumon no Saikyou Kenja,TV,12.0,0.0,12.0,0000-00-00,0000-00-00,,7.0,,0.0,Completed
29786.0,Shimoneta to Iu Gainen ga Sonzai Shinai Taikutsu na Sekai,TV,12.0,0.0,12.0,0000-00-00,0000-00-00,,0.0,,0.0,Completed
44037.0,"Shin no Nakama ja Nai to Yuusha no Party wo Oidasareta node, Henkyou de Slow Life suru Koto ni Shimashita",TV,13.0,0.0,13.0,0000-00-00,0000-00-00,,7.0,,0.0,Completed
53488.0,"Shin no Nakama ja Nai to Yuusha no Party wo Oidasareta node, Henkyou de Slow Life suru Koto ni Shimashita 2nd",TV,12.0,0.0,12.0,0000-00-00,0000-00-00,,0.0,,0.0,Completed
51495.0,Shin Shinka no Mi: Shiranai Uchi ni Kachigumi Jinsei,TV,12.0,0.0,12.0,0000-00-00,0000-00-00,,5.0,,0.0,Completed
49858.0,Shinigami Bocchan to Kuro Maid 2nd Season,TV,12.0,0.0,0.0,0000-00-00,0000-00-00,,0.0,,0.0,Plan to Watch
60303.0,"Shinjiteita Nakama-tachi ni Dungeon Okuchi de Korosarekaketa ga Gift ""Mugen Gacha"" de Level 9999 no Nakama-tachi wo Te ni Irete Moto Party Member to Sekai ni Fukushuu & ""Zamaa!"" Shimasu!",TV,12.0,0.0,12.0,2025-12-21,2025-12-21,,7.0,,0.0,Completed
46985.0,Shinka no Mi: Shiranai Uchi ni Kachigumi Jinsei,TV,12.0,0.0,12.0,0000-00-00,0000-00-00,,7.0,,0.0,Completed
23233.0,Shinmai Maou no Testament,TV,12.0,0.0,12.0,0000-00-00,0000-00-00,,6.0,,0.0,Completed
30363.0,Shinmai Maou no Testament Burst,TV,10.0,0.0,10.0,0000-00-00,0000-00-00,,7.0,,0.0,Completed
36688.0,Shinmai Maou no Testament Departures,OVA,1.0,0.0,1.0,0000-00-00,0000-00-00,,7.0,,0.0,Completed
54913.0,"Shinmai Ossan Boukensha, Saikyou Party ni Shinu hodo Kitaerarete Muteki ni Naru.",TV,12.0,0.0,0.0,0000-00-00,0000-00-00,,0.0,,0.0,Plan to Watch
51098.0,Shinobi no Ittoki,TV,12.0,0.0,12.0,0000-00-00,0000-00-00,,6.0,,0.0,Completed
52082.0,Shiro Seijo to Kuro Bokushi,TV,12.0,0.0,0.0,0000-00-00,0000-00-00,,0.0,,0.0,Plan to Watch
58131.0,Shiunji-ke no Kodomotachi,TV,12.0,0.0,0.0,0000-00-00,0000-00-00,,0.0,,0.0,Plan to Watch
28171.0,Shokugeki no Souma,TV,24.0,0.0,24.0,0000-00-00,0000-00-00,,8.0,,0.0,Completed
32282.0,Shokugeki no Souma: Ni no Sara,TV,13.0,0.0,13.0,0000-00-00,0000-00-00,,8.0,,0.0,Completed
35788.0,Shokugeki no Souma: San no Sara,TV,12.0,0.0,12.0,0000-00-00,0000-00-00,,8.0,,0.0,Completed
57810.0,Shoushimin Series,TV,10.0,0.0,0.0,0000-00-00,0000-00-00,,0.0,,0.0,Plan to Watch
42923.0,SK∞,TV,12.0,0.0,0.0,0000-00-00,0000-00-00,,0.0,,0.0,On-Hold
40586.0,"Slime Taoshite 300-nen, Shiranai Uchi ni Level Max ni Nattemashita",TV,12.0,0.0,12.0,0000-00-00,0000-00-00,,7.0,,0.0,Completed
50738.0,"Slime Taoshite 300-nen, Shiranai Uchi ni Level Max ni Nattemashita: Sono Ni",TV,12.0,0.0,12.0,2025-06-10,2025-06-27,,7.0,,0.0,Completed
53730.0,"Sokushi Cheat ga Saikyou sugite, Isekai no Yatsura ga Marude Aite ni Naranai n desu ga.",TV,12.0,0.0,12.0,2024-03-21,2024-03-22,,8.0,,0.0,Completed
48736.0,Sono Bisque Doll wa Koi wo Suru,TV,12.0,0.0,12.0,0000-00-00,0000-00-00,,8.0,,0.0,Completed
45653.0,Soredemo Ayumu wa Yosetekuru,TV,12.0,0.0,0.0,0000-00-00,0000-00-00,,0.0,,0.0,Plan to Watch
3588.0,Soul Eater,TV,51.0,0.0,0.0,0000-00-00,0000-00-00,,0.0,,0.0,Plan to Watch
52991.0,Sousou no Frieren,TV,28.0,0.0,0.0,0000-00-00,0000-00-00,,0.0,,0.0,Plan to Watch
59978.0,Sousou no Frieren 2nd Season,TV,10.0,0.0,0.0,0000-00-00,0000-00-00,,0.0,,0.0,Plan to Watch
61174.0,Sozai Saishuka no Isekai Ryokouki,TV,12.0,0.0,12.0,2025-12-20,2025-12-21,,6.0,,0.0,Completed
51252.0,Spy Kyoushitsu,TV,12.0,0.0,0.0,0000-00-00,0000-00-00,,0.0,,0.0,Plan to Watch
50265.0,Spy x Family,TV,12.0,0.0,12.0,0000-00-00,0000-00-00,,8.0,,0.0,Completed
50602.0,Spy x Family Part 2,TV,13.0,0.0,13.0,0000-00-00,0000-00-00,,8.0,,0.0,Completed
53887.0,Spy x Family Season 2,TV,12.0,0.0,12.0,2025-05-15,2025-05-30,,8.0,,0.0,Completed
59027.0,Spy x Family Season 3,TV,13.0,0.0,0.0,0000-00-00,0000-00-00,,0.0,,0.0,Plan to Watch
54234.0,Suki na Ko ga Megane wo Wasureta,TV,13.0,0.0,0.0,0000-00-00,0000-00-00,,0.0,,0.0,Plan to Watch
50694.0,Summer Pockets,TV,26.0,0.0,0.0,0000-00-00,0000-00-00,,0.0,,0.0,Plan to Watch
47194.0,Summertime Render,TV,25.0,0.0,0.0,0000-00-00,0000-00-00,,0.0,,0.0,Plan to Watch
849.0,Suzumiya Haruhi no Yuuutsu,TV,14.0,0.0,14.0,0000-00-00,0000-00-00,,7.0,,0.0,Completed
11757.0,Sword Art Online,TV,25.0,0.0,25.0,0000-00-00,0000-00-00,,7.0,,0.0,Completed
55994.0,Sword Art Online Alternative: Gun Gale Online II,TV,12.0,0.0,0.0,0000-00-00,0000-00-00,,0.0,,0.0,Plan to Watch
21881.0,Sword Art Online II,TV,24.0,0.0,24.0,0000-00-00,0000-00-00,,8.0,,0.0,Completed
31765.0,Sword Art Online Movie: Ordinal Scale,Movie,1.0,0.0,0.0,0000-00-00,0000-00-00,,0.0,,0.0,Plan to Watch
36474.0,Sword Art Online: Alicization,TV,24.0,0.0,0.0,0000-00-00,0000-00-00,,0.0,,0.0,Plan to Watch
39597.0,Sword Art Online: Alicization - War of Underworld,TV,12.0,0.0,0.0,0000-00-00,0000-00-00,,0.0,,0.0,Plan to Watch
24133.0,Taimadou Gakuen 35 Shiken Shoutai,TV,12.0,0.0,12.0,0000-00-00,0000-00-00,,0.0,,0.0,Completed
19021.0,Takanashi Rikka Kai: Chuunibyou demo Koi ga Shitai! Movie,Movie,1.0,0.0,0.0,0000-00-00,0000-00-00,,0.0,,0.0,On-Hold
48556.0,Takt Op. Destiny,TV,12.0,0.0,12.0,0000-00-00,0000-00-00,,7.0,,0.0,Completed
46471.0,"Tantei wa Mou, Shindeiru.",TV,12.0,0.0,12.0,0000-00-00,0000-00-00,,6.0,,0.0,Completed
52480.0,"Tantei wa Mou, Shindeiru. Season 2",TV,0.0,0.0,0.0,0000-00-00,0000-00-00,,0.0,,0.0,Plan to Watch
35790.0,Tate no Yuusha no Nariagari,TV,25.0,0.0,25.0,0000-00-00,0000-00-00,,8.0,,0.0,Completed
40356.0,Tate no Yuusha no Nariagari Season 2,TV,13.0,0.0,13.0,0000-00-00,0000-00-00,,7.0,,0.0,Completed
40357.0,Tate no Yuusha no Nariagari Season 3,TV,12.0,0.0,12.0,2025-10-04,2025-10-05,,7.0,,0.0,Completed
2001.0,Tengen Toppa Gurren Lagann,TV,27.0,0.0,27.0,0000-00-00,0000-00-00,,8.0,,0.0,Completed
53393.0,Tengoku Daimakyou,TV,13.0,0.0,0.0,0000-00-00,0000-00-00,,0.0,,0.0,Plan to Watch
47159.0,Tensai Ouji no Akaji Kokka Saisei Jutsu,TV,12.0,0.0,12.0,0000-00-00,0000-00-00,,6.0,,0.0,Completed
47163.0,"Tensei Kenja no Isekai Life: Dai-2 no Shokugyou wo Ete, Sekai Saikyou ni Narimashita",TV,12.0,0.0,12.0,0000-00-00,0000-00-00,,6.0,,0.0,Completed
52608.0,Tensei Kizoku no Isekai Boukenroku: Jichou wo Shiranai Kamigami no Shito,TV,12.0,0.0,12.0,0000-00-00,0000-00-00,,7.0,,0.0,Completed
55265.0,"Tensei Kizoku, Kantei Skill de Nariagaru",TV,12.0,0.0,9.0,2024-07-15,2024-07-15,,7.0,,0.0,Completed
59131.0,"Tensei Kizoku, Kantei Skill de Nariagaru 2nd Season",TV,12.0,0.0,0.0,0000-00-00,0000-00-00,,0.0,,0.0,Plan to Watch
52736.0,Tensei Oujo to Tensai Reijou no Mahou Kakumei,TV,12.0,0.0,12.0,0000-00-00,0000-00-00,,7.0,,0.0,Completed
53516.0,"Tensei shitara Dainana Ouji Datta node, Kimama ni Majutsu wo Kiwamemasu",TV,12.0,0.0,12.0,2024-06-17,2024-06-19,,7.0,,0.0,Completed
59095.0,"Tensei shitara Dainana Ouji Datta node, Kimama ni Majutsu wo Kiwamemasu 2nd Season",TV,12.0,0.0,12.0,2025-09-28,2025-09-29,,7.0,,0.0,Completed
61207.0,Tensei shitara Dragon no Tamago datta,TV,12.0,0.0,12.0,2026-04-18,2026-04-18,,7.0,,0.0,Completed
49891.0,Tensei shitara Ken deshita,TV,12.0,0.0,12.0,0000-00-00,0000-00-00,,7.0,,0.0,Completed
37430.0,Tensei shitara Slime Datta Ken,TV,24.0,0.0,24.0,0000-00-00,0000-00-00,,8.0,,0.0,Completed
39551.0,Tensei shitara Slime Datta Ken 2nd Season,TV,12.0,0.0,12.0,0000-00-00,0000-00-00,,0.0,,0.0,Completed
41487.0,Tensei shitara Slime Datta Ken 2nd Season Part 2,TV,12.0,0.0,12.0,0000-00-00,0000-00-00,,0.0,,0.0,Completed
49318.0,Tensei shitara Slime Datta Ken 2nd Season: Kanwa - Veldora Nikki 2,TV Special,1.0,0.0,1.0,0000-00-00,0000-00-00,,8.0,,0.0,Completed
53580.0,Tensei shitara Slime Datta Ken 3rd Season,TV,24.0,0.0,24.0,2024-10-05,2024-10-07,,8.0,,0.0,Completed
49877.0,Tensei shitara Slime Datta Ken Movie: Guren no Kizuna-hen,Movie,1.0,0.0,1.0,0000-00-00,0000-00-00,,8.0,,0.0,Completed
38793.0,Tensei shitara Slime Datta Ken OVA,OVA,5.0,0.0,5.0,0000-00-00,0000-00-00,,0.0,,0.0,Completed
54565.0,Tensei shitara Slime Datta Ken: Coleus no Yume,ONA,3.0,0.0,3.0,0000-00-00,0000-00-00,,7.0,,0.0,Completed
45753.0,Tensei shitara Slime Datta Ken: Kanwa - Hinata Sakaguchi,TV Special,1.0,0.0,1.0,0000-00-00,0000-00-00,,0.0,,0.0,Completed
39607.0,Tensei shitara Slime Datta Ken: Kanwa - Veldora Nikki,TV Special,1.0,0.0,1.0,0000-00-00,0000-00-00,,0.0,,0.0,Completed
41488.0,Tensura Nikki: Tensei shitara Slime Datta Ken,TV,12.0,0.0,12.0,0000-00-00,0000-00-00,,7.0,,0.0,Completed
41353.0,The God of High School,TV,13.0,0.0,13.0,0000-00-00,0000-00-00,,0.0,,0.0,Completed
57100.0,The New Gate,TV,12.0,0.0,12.0,2025-03-17,2025-03-18,,6.0,,0.0,Completed
3455.0,To LOVE-Ru,TV,26.0,0.0,26.0,0000-00-00,0000-00-00,,0.0,,0.0,Completed
4654.0,Toaru Majutsu no Index,TV,24.0,0.0,24.0,0000-00-00,0000-00-00,,8.0,,0.0,Completed
8937.0,Toaru Majutsu no Index II,TV,24.0,0.0,24.0,0000-00-00,0000-00-00,,7.0,,0.0,Completed
36432.0,Toaru Majutsu no Index III,TV,26.0,0.0,26.0,0000-00-00,0000-00-00,,7.0,,0.0,Completed
11743.0,Toaru Majutsu no Index Movie: Endymion no Kiseki,Movie,1.0,0.0,0.0,0000-00-00,0000-00-00,,0.0,,0.0,Plan to Watch
54744.0,Tokidoki Bosotto Russia-go de Dereru Tonari no Alya-san,TV,12.0,0.0,0.0,0000-00-00,0000-00-00,,0.0,,0.0,Plan to Watch
22319.0,Tokyo Ghoul,TV,12.0,0.0,12.0,0000-00-00,0000-00-00,,7.0,,0.0,Completed
27899.0,Tokyo Ghoul √A,TV,12.0,0.0,12.0,0000-00-00,0000-00-00,,7.0,,0.0,Completed
36511.0,Tokyo Ghoul:re,TV,12.0,0.0,12.0,0000-00-00,0000-00-00,,5.0,,0.0,Plan to Watch
37799.0,Tokyo Ghoul:re 2nd Season,TV,12.0,0.0,12.0,0000-00-00,0000-00-00,,0.0,,0.0,Completed
53097.0,Tokyo Mew Mew New ♡ 2nd Season,TV,12.0,0.0,0.0,0000-00-00,0000-00-00,,0.0,,0.0,Plan to Watch
42249.0,Tokyo Revengers,TV,24.0,0.0,0.0,0000-00-00,0000-00-00,,0.0,,0.0,Plan to Watch
52305.0,Tomo-chan wa Onnanoko!,TV,13.0,0.0,13.0,0000-00-00,0000-00-00,,7.0,,0.0,Completed
50273.0,Tomodachi Game,TV,12.0,0.0,0.0,0000-00-00,0000-00-00,,0.0,,0.0,Plan to Watch
14227.0,Tonari no Kaibutsu-kun,TV,13.0,0.0,13.0,0000-00-00,0000-00-00,,7.0,,0.0,Completed
53446.0,Tondemo Skill de Isekai Hourou Meshi,TV,12.0,0.0,12.0,0000-00-00,0000-00-00,,7.0,,0.0,Completed
57025.0,Tondemo Skill de Isekai Hourou Meshi 2,TV,12.0,0.0,12.0,2025-12-23,2025-12-24,,7.0,,0.0,Completed
50307.0,Tonikaku Kawaii 2nd Season,TV,12.0,0.0,0.0,0000-00-00,0000-00-00,,0.0,,0.0,Plan to Watch
4224.0,Toradora!,TV,25.0,0.0,25.0,0000-00-00,0000-00-00,,9.0,,0.0,Completed
52093.0,Trigun Stampede,TV,12.0,0.0,0.0,0000-00-00,0000-00-00,,0.0,,0.0,Plan to Watch
25157.0,Trinity Seven,TV,12.0,0.0,12.0,0000-00-00,0000-00-00,,0.0,,0.0,Completed
58059.0,Tsue to Tsurugi no Wistoria,TV,12.0,0.0,12.0,2024-11-11,2024-11-11,,8.0,,0.0,Completed
39469.0,Tsugu Tsugumomo,TV,12.0,0.0,0.0,0000-00-00,0000-00-00,,0.0,,0.0,Plan to Watch
34019.0,Tsugumomo,TV,12.0,0.0,12.0,0000-00-00,0000-00-00,,0.0,,0.0,Completed
59741.0,Tsuihou sareta Tensei Juukishi wa Game Chishiki de Musou suru,TV,0.0,0.0,0.0,0000-00-00,0000-00-00,,0.0,,0.0,Plan to Watch
43523.0,Tsuki ga Michibiku Isekai Douchuu,TV,12.0,0.0,12.0,2021-10-09,2021-10-10,,7.0,,0.0,Completed
49889.0,Tsuki ga Michibiku Isekai Douchuu 2nd Season,TV,25.0,0.0,25.0,0000-00-00,0000-00-00,,0.0,,0.0,Completed
48471.0,Tsuki to Laika to Nosferatu,TV,12.0,0.0,0.0,0000-00-00,0000-00-00,,0.0,,0.0,Plan to Watch
38573.0,Tsuujou Kougeki ga Zentai Kougeki de Ni-kai Kougeki no Okaasan wa Suki desu ka?,TV,12.0,0.0,12.0,0000-00-00,0000-00-00,,0.0,,0.0,Completed
53397.0,Tsuyokute New Saga,TV,12.0,0.0,12.0,2025-10-07,2025-10-16,,6.0,,0.0,Completed
53447.0,Tu Bian Yingxiong X,ONA,24.0,0.0,0.0,0000-00-00,0000-00-00,,0.0,,0.0,Plan to Watch
53379.0,Uchi no Kaisha no Chiisai Senpai no Hanashi,TV,12.0,0.0,1.0,2024-02-29,0000-00-00,,6.0,,0.0,Watching
39324.0,"Uchi no Ko no Tame naraba, Ore wa Moshikashitara Maou mo Taoseru kamo Shirenai.",TV,12.0,0.0,12.0,0000-00-00,0000-00-00,,0.0,,0.0,Completed
52741.0,Undead Unluck,TV,24.0,0.0,0.0,0000-00-00,0000-00-00,,0.0,,0.0,Plan to Watch
53835.0,Unnamed Memory,TV,12.0,0.0,0.0,0000-00-00,0000-00-00,,0.0,,0.0,Plan to Watch
50710.0,Urusei Yatsura (2022),TV,23.0,0.0,0.0,0000-00-00,0000-00-00,,0.0,,0.0,Plan to Watch
54829.0,Urusei Yatsura (2022) 2nd Season,TV,23.0,0.0,0.0,0000-00-00,0000-00-00,,0.0,,0.0,Plan to Watch
42962.0,Uzaki-chan wa Asobitai! Double,TV,13.0,0.0,13.0,0000-00-00,0000-00-00,,7.0,,0.0,Completed
39799.0,Val x Love,TV,12.0,0.0,12.0,0000-00-00,0000-00-00,,0.0,,0.0,Completed
48580.0,Vanitas no Karte,TV,12.0,0.0,0.0,0000-00-00,0000-00-00,,0.0,,0.0,Plan to Watch
49114.0,Vanitas no Karte Part 2,TV,12.0,0.0,0.0,0000-00-00,0000-00-00,,0.0,,0.0,Plan to Watch
60593.0,Vigilante: Boku no Hero Academia Illegals,TV,13.0,0.0,0.0,0000-00-00,0000-00-00,,0.0,,0.0,Plan to Watch
51923.0,Warau Arsnotoria Sun!,TV,12.0,0.0,0.0,0000-00-00,0000-00-00,,0.0,,0.0,Plan to Watch
51552.0,Watashi no Shiawase na Kekkon,TV,12.0,0.0,0.0,0000-00-00,0000-00-00,,0.0,,0.0,Plan to Watch
55889.0,Watashi no Shiawase na Kekkon: Watashi no Shiawase na Katachi,OVA,1.0,0.0,0.0,0000-00-00,0000-00-00,,0.0,,0.0,Plan to Watch
51817.0,Watashi no Yuri wa Oshigoto desu!,TV,12.0,0.0,0.0,0000-00-00,0000-00-00,,0.0,,0.0,Plan to Watch
37393.0,"Watashi, Nouryoku wa Heikinchi de tte Itta yo ne!",TV,12.0,0.0,12.0,0000-00-00,0000-00-00,,0.0,,0.0,Completed
54900.0,Wind Breaker,TV,13.0,0.0,0.0,0000-00-00,0000-00-00,,0.0,,0.0,Plan to Watch
59160.0,Wind Breaker Season 2,TV,12.0,0.0,0.0,0000-00-00,0000-00-00,,0.0,,0.0,Plan to Watch
21085.0,Witch Craft Works,TV,12.0,0.0,12.0,0000-00-00,0000-00-00,,7.0,,0.0,Completed
59597.0,Witch Watch,TV,25.0,0.0,0.0,0000-00-00,0000-00-00,,0.0,,0.0,Plan to Watch
24405.0,World Trigger,TV,73.0,0.0,73.0,0000-00-00,0000-00-00,,7.0,,0.0,Completed
40907.0,World Trigger 2nd Season,TV,12.0,0.0,12.0,0000-00-00,0000-00-00,,7.0,,0.0,Completed
44940.0,World Trigger 3rd Season,TV,14.0,0.0,14.0,0000-00-00,0000-00-00,,7.0,,0.0,Completed
35968.0,Wotaku ni Koi wa Muzukashii,TV,11.0,0.0,11.0,0000-00-00,0000-00-00,,8.0,,0.0,Completed
41094.0,Xian Wang de Richang Shenghuo,ONA,15.0,0.0,15.0,0000-00-00,0000-00-00,,0.0,,0.0,Completed
44069.0,Xian Wang de Richang Shenghuo 2,ONA,12.0,0.0,12.0,0000-00-00,0000-00-00,,0.0,,0.0,Completed
50404.0,Xian Wang de Richang Shenghuo 3,ONA,12.0,0.0,12.0,0000-00-00,0000-00-00,,7.0,,0.0,Completed
14813.0,Yahari Ore no Seishun Love Comedy wa Machigatteiru.,TV,13.0,0.0,13.0,0000-00-00,0000-00-00,,8.0,,0.0,Completed
46431.0,"Yahari Ore no Seishun Love Comedy wa Machigatteiru. Kan: Dakara, Shishunki wa Owarazu ni, Seishun wa Tsuzuiteiku.",OVA,1.0,0.0,0.0,0000-00-00,0000-00-00,,0.0,,0.0,Plan to Watch
23847.0,Yahari Ore no Seishun Love Comedy wa Machigatteiru. Zoku,TV,13.0,0.0,13.0,0000-00-00,0000-00-00,,8.0,,0.0,Completed
53126.0,Yamada-kun to Lv999 no Koi wo Suru,TV,13.0,0.0,13.0,2024-02-22,2024-02-22,,7.0,Hard Drive,3.8,Completed
59644.0,Yasei no Last Boss ga Arawareta!,TV,12.0,0.0,12.0,2026-01-15,2026-01-16,,7.0,,0.0,Completed
63140.0,Yasei no Last Boss ga Arawareta! 2nd Season,TV,0.0,0.0,0.0,0000-00-00,0000-00-00,,0.0,,0.0,Plan to Watch
50346.0,Yofukashi no Uta,TV,13.0,0.0,13.0,0000-00-00,0000-00-00,,8.0,,0.0,Completed
8861.0,Yosuga no Sora,TV,12.0,0.0,12.0,0000-00-00,0000-00-00,,0.0,,0.0,Completed
32615.0,Youjo Senki,TV,12.0,0.0,0.0,0000-00-00,0000-00-00,,0.0,,0.0,Plan to Watch
35507.0,Youkoso Jitsuryoku Shijou Shugi no Kyoushitsu e,TV,12.0,0.0,12.0,0000-00-00,0000-00-00,,8.0,,0.0,Completed
51096.0,Youkoso Jitsuryoku Shijou Shugi no Kyoushitsu e 2nd Season,TV,13.0,0.0,0.0,0000-00-00,0000-00-00,,0.0,,0.0,Plan to Watch
51180.0,Youkoso Jitsuryoku Shijou Shugi no Kyoushitsu e 3rd Season,TV,13.0,0.0,0.0,0000-00-00,0000-00-00,,0.0,,0.0,Plan to Watch
55866.0,Yubisaki to Renren,TV,12.0,0.0,0.0,0000-00-00,0000-00-00,,0.0,,0.0,Plan to Watch
53632.0,Yumemiru Danshi wa Genjitsushugisha,TV,12.0,0.0,12.0,2024-02-18,2024-02-19,,7.0,,0.0,Completed
53410.0,Yuru Camp△ Season 3,TV,12.0,0.0,0.0,0000-00-00,0000-00-00,,0.0,,0.0,Plan to Watch
51706.0,Yuusha ga Shinda!,TV,12.0,0.0,0.0,0000-00-00,0000-00-00,,0.0,,0.0,Plan to Watch
61983.0,"Yuusha Party ni Kawaii Ko ga Ita node, Kokuhaku shitemita.",TV,13.0,0.0,0.0,0000-00-00,0000-00-00,,0.0,,0.0,Plan to Watch
59424.0,"Yuusha Party wo Tsuihou sareta Shiromadoushi, S-Rank Boukensha ni Hirowareru: Kono Shiromadoushi ga Kikakugai Sugiru",TV,12.0,0.0,12.0,2025-12-01,2025-12-02,,6.0,,0.0,Completed
50175.0,"Yuusha, Yamemasu",TV,12.0,0.0,12.0,0000-00-00,0000-00-00,,6.0,,0.0,Completed
51562.0,"Yuusha, Yamemasu: Kenshuu Ryokou wa Mokuteki wo Miushinau na",Special,2.0,0.0,2.0,0000-00-00,0000-00-00,,6.0,,0.0,Completed
56009.0,Yuusha-kei ni Shosu: Choubatsu Yuusha 9004-tai Keimu Kiroku,TV,12.0,0.0,0.0,0000-00-00,0000-00-00,,0.0,,0.0,Plan to Watch
1195.0,Zero no Tsukaima,TV,13.0,0.0,13.0,0000-00-00,0000-00-00,,7.0,,0.0,Completed
16656.0,Zettai Junpaku♡Mahou Shoujo,OVA,1.0,0.0,0.0,0000-00-00,0000-00-00,,0.0,,0.0,Plan to Watch
54112.0,Zom 100: Zombie ni Naru made ni Shitai 100 no Koto,TV,12.0,0.0,0.0,0000-00-00,0000-00-00,,0.0,,0.0,Plan to Watch
40174.0,Zombieland Saga Revenge,TV,12.0,0.0,0.0,0000-00-00,0000-00-00,,0.0,,0.0,Plan to Watch
52034.0,[Oshi no Ko],TV,11.0,0.0,0.0,0000-00-00,0000-00-00,,0.0,,0.0,Plan to Watch
55791.0,[Oshi no Ko] 2nd Season,TV,13.0,0.0,0.0,0000-00-00,0000-00-00,,0.0,,0.0,Plan to Watch
